SRR10489257.94674#2	8636268	8638870	chr02-8644600-8658561	1
SRR10489257.94674#2	8644972	8658219	chr02-8644600-8658561	1
SRR10489258.282025#3	8636268	8638870	chr02-8644600-8658561	2
SRR10489258.282025#3	8644972	8658219	chr02-8644600-8658561	2
SRR10489262.532065#1	8636268	8638870	chr02-8644600-8658561	3
SRR10489262.532065#1	8644972	8658219	chr02-8644600-8658561	3
SRR10489265.290694#0	8636268	8638870	chr02-8644600-8658561	4
SRR10489265.290694#0	8644972	8658219	chr02-8644600-8658561	4
SRR10489256.273307#1	8826359	8826433	chr02-8847443-8895419	5
SRR10489256.273307#1	8847456	8862890	chr02-8847443-8895419	5
SRR10489256.273307#1	8864312	8870663	chr02-8847443-8895419	5
SRR10489256.273307#1	8878401	8885120	chr02-8847443-8895419	5
SRR10489256.273307#1	8887772	8888276	chr02-8847443-8895419	5
SRR10489256.273307#1	8889306	8890432	chr02-8847443-8895419	5
SRR10489256.273307#1	8892124	8895058	chr02-8847443-8895419	5
SRR10489265.272505#2	8826359	8826433	chr02-8847443-8895419	6
SRR10489265.272505#2	8847456	8862890	chr02-8847443-8895419	6
SRR10489265.272505#2	8864312	8870663	chr02-8847443-8895419	6
SRR10489265.272505#2	8878401	8885120	chr02-8847443-8895419	6
SRR10489265.272505#2	8887772	8888276	chr02-8847443-8895419	6
SRR10489265.272505#2	8889306	8890432	chr02-8847443-8895419	6
SRR10489265.272505#2	8892124	8895058	chr02-8847443-8895419	6
SRR10489249.193817#0	8847456	8862890	chr02-8847443-8895419	7
SRR10489249.193817#0	8864312	8870663	chr02-8847443-8895419	7
SRR10489249.193817#0	8878401	8885120	chr02-8847443-8895419	7
SRR10489249.193817#0	8887772	8888276	chr02-8847443-8895419	7
SRR10489249.193817#0	8889306	8890432	chr02-8847443-8895419	7
SRR10489249.193817#0	8892124	8895058	chr02-8847443-8895419	7
SRR10489261.343968#0	8847456	8862890	chr02-8847443-8895419	8
SRR10489261.343968#0	8864312	8870663	chr02-8847443-8895419	8
SRR10489261.343968#0	8878401	8885120	chr02-8847443-8895419	8
SRR10489261.343968#0	8887772	8888276	chr02-8847443-8895419	8
SRR10489261.343968#0	8889306	8890432	chr02-8847443-8895419	8
SRR10489261.343968#0	8892124	8895058	chr02-8847443-8895419	8
SRR10489252.235842#2	10932497	10933916	chr02-10951107-10969939	9
SRR10489252.235842#2	10935011	10935228	chr02-10951107-10969939	9
SRR10489252.235842#2	10938177	10938526	chr02-10951107-10969939	9
SRR10489252.235842#2	10943043	10948067	chr02-10951107-10969939	9
SRR10489252.235842#2	10951108	10964881	chr02-10951107-10969939	9
SRR10489252.235842#2	10966812	10969690	chr02-10951107-10969939	9
SRR10489259.2312228#0	10932497	10933916	chr02-10951107-10969939	10
SRR10489259.2312228#0	10935011	10935228	chr02-10951107-10969939	10
SRR10489259.2312228#0	10938177	10938526	chr02-10951107-10969939	10
SRR10489259.2312228#0	10943043	10948067	chr02-10951107-10969939	10
SRR10489259.2312228#0	10951108	10964881	chr02-10951107-10969939	10
SRR10489259.2312228#0	10966812	10969690	chr02-10951107-10969939	10
SRR10489259.2312228#0	10995371	10997735	chr02-10951107-10969939	10
SRR10489262.146785#1	10932497	10933916	chr02-10951107-10969939	11
SRR10489262.146785#1	10935011	10935228	chr02-10951107-10969939	11
SRR10489262.146785#1	10938177	10938526	chr02-10951107-10969939	11
SRR10489262.146785#1	10943043	10948067	chr02-10951107-10969939	11
SRR10489262.146785#1	10951108	10964881	chr02-10951107-10969939	11
SRR10489262.146785#1	10966812	10969690	chr02-10951107-10969939	11
SRR10489262.146785#1	10995371	10995720	chr02-10951107-10969939	11
SRR10489248.607947#329	10944219	10948067	chr02-10951107-10969939	12
SRR10489248.607947#329	10951108	10964881	chr02-10951107-10969939	12
SRR10489248.607947#329	10966812	10969690	chr02-10951107-10969939	12
SRR10489259.2552303#1	11053982	11055534	chr02-11074080-11088089	13
SRR10489259.2552303#1	11064564	11066385	chr02-11074080-11088089	13
SRR10489259.2552303#1	11074129	11088056	chr02-11074080-11088089	13
SRR10489261.579990#0	11053982	11055534	chr02-11074080-11088089	14
SRR10489261.579990#0	11064564	11066385	chr02-11074080-11088089	14
SRR10489261.579990#0	11074129	11088056	chr02-11074080-11088089	14
SRR10489249.142063#261	11064564	11066385	chr02-11074080-11088089	15
SRR10489249.142063#261	11074129	11088056	chr02-11074080-11088089	15
SRR10489262.404110#264	11065523	11066385	chr02-11074080-11088089	16
SRR10489262.404110#264	11074129	11088056	chr02-11074080-11088089	16
SRR10489246.136074#0	11798348	11799387	chr02-11846105-11865933	17
SRR10489246.136074#0	11831607	11836633	chr02-11846105-11865933	17
SRR10489246.136074#0	11846134	11865932	chr02-11846105-11865933	17
SRR10489246.136074#0	11875024	11876500	chr02-11846105-11865933	17
SRR10489246.136074#0	11877542	11879154	chr02-11846105-11865933	17
SRR10489260.1511498#4	11831607	11836633	chr02-11846105-11865933	18
SRR10489260.1511498#4	11846134	11865932	chr02-11846105-11865933	18
SRR10489260.1511498#4	11875024	11876500	chr02-11846105-11865933	18
SRR10489260.1511498#4	11877542	11879154	chr02-11846105-11865933	18
SRR10489262.169079#2	11831607	11836633	chr02-11846105-11865933	19
SRR10489262.169079#2	11846134	11865932	chr02-11846105-11865933	19
SRR10489262.169079#2	11875024	11876500	chr02-11846105-11865933	19
SRR10489262.169079#2	11877542	11879154	chr02-11846105-11865933	19
SRR10489262.169079#2	11898368	11898368	chr02-11846105-11865933	19
SRR10489262.169079#2	11899485	11901201	chr02-11846105-11865933	19
SRR10489262.169079#2	11902689	11902698	chr02-11846105-11865933	19
SRR10489262.169079#2	11907997	11908613	chr02-11907987-11929943	19
SRR10489262.439537#5	11831607	11836633	chr02-11846105-11865933	20
SRR10489262.439537#5	11846134	11865932	chr02-11846105-11865933	20
SRR10489260.979004#373	11898368	11898368	chr02-11907987-11929943	21
SRR10489260.979004#373	11899485	11901201	chr02-11907987-11929943	21
SRR10489260.979004#373	11902689	11902698	chr02-11907987-11929943	21
SRR10489260.979004#373	11907997	11929307	chr02-11907987-11929943	21
SRR10489246.103759#372	11907997	11929307	chr02-11907987-11929943	22
SRR10489256.74513#360	11907997	11929307	chr02-11907987-11929943	23
SRR10489260.1767380#367	11907997	11929307	chr02-11907987-11929943	24
SRR10489249.634553#335	12310543	12318371	chr02-12320458-12335968	25
SRR10489249.634553#335	12320470	12326787	chr02-12320458-12335968	25
SRR10489265.145465#318	12310543	12318371	chr02-12320458-12335968	26
SRR10489265.145465#318	12320470	12335797	chr02-12320458-12335968	26
SRR10489265.191364#337	12310543	12318371	chr02-12320458-12335968	27
SRR10489265.191364#337	12320470	12335797	chr02-12320458-12335968	27
SRR10489265.261191#339	12317191	12318371	chr02-12320458-12335968	28
SRR10489265.261191#339	12320470	12335797	chr02-12320458-12335968	28
SRR10489265.89061#331	12333963	12335797	chr02-12320458-12335968	29
SRR10489248.726829#1	12480383	12504342	chr02-12480293-12504348	30
SRR10489248.726829#1	12510800	12512161	chr02-12480293-12504348	30
SRR10489250.236650#4	12480383	12504342	chr02-12480293-12504348	31
SRR10489250.236650#4	12510800	12512161	chr02-12480293-12504348	31
SRR10489260.793362#3	12480383	12487047	chr02-12480293-12504348	32
SRR10489260.793362#3	12488445	12504342	chr02-12480293-12504348	32
SRR10489261.510852#0	12480383	12504342	chr02-12480293-12504348	33
SRR10489261.510852#0	12510800	12512161	chr02-12480293-12504348	33
SRR10489249.643409#2	12611529	12621737	chr02-12612720-12627321	34
SRR10489249.643409#2	12623043	12626757	chr02-12612720-12627321	34
SRR10489249.643409#2	12644534	12645390	chr02-12612720-12627321	34
SRR10489260.1208064#1	12611529	12621737	chr02-12612720-12627321	35
SRR10489260.1208064#1	12623043	12626757	chr02-12612720-12627321	35
SRR10489260.1208064#1	12644534	12645390	chr02-12612720-12627321	35
SRR10489262.421296#230	12611529	12621737	chr02-12612720-12627321	36
SRR10489262.421296#230	12623043	12626757	chr02-12612720-12627321	36
SRR10489262.458075#0	12611529	12621737	chr02-12612720-12627321	37
SRR10489262.458075#0	12623043	12626757	chr02-12612720-12627321	37
SRR10489262.458075#0	12644534	12645390	chr02-12612720-12627321	37
SRR10489262.527015#1	12770463	12770463	chr02-12801032-12813561	38
SRR10489262.527015#1	12793720	12797325	chr02-12801032-12813561	38
SRR10489262.527015#1	12801033	12810038	chr02-12801032-12813561	38
SRR10489262.527015#1	12811381	12813522	chr02-12801032-12813561	38
SRR10489262.527015#1	12820622	12821976	chr02-12801032-12813561	38
SRR10489249.600639#3	12793720	12797325	chr02-12801032-12813561	39
SRR10489249.600639#3	12801033	12810038	chr02-12801032-12813561	39
SRR10489249.600639#3	12811381	12813522	chr02-12801032-12813561	39
SRR10489257.153372#2	12793720	12797325	chr02-12801032-12813561	40
SRR10489257.153372#2	12801033	12810038	chr02-12801032-12813561	40
SRR10489257.153372#2	12811381	12813522	chr02-12801032-12813561	40
SRR10489265.256054#0	12793720	12797325	chr02-12801032-12813561	41
SRR10489265.256054#0	12801033	12810038	chr02-12801032-12813561	41
SRR10489265.256054#0	12811381	12813522	chr02-12801032-12813561	41
SRR10489265.256054#0	12820622	12821976	chr02-12801032-12813561	41
SRR10489249.264224#158	13127005	13137068	chr02-13126993-13137117	42
SRR10489253.195371#169	13127005	13137068	chr02-13126993-13137117	43
SRR10489260.2479842#166	13127005	13137068	chr02-13126993-13137117	44
SRR10489262.122876#152	13127005	13137068	chr02-13126993-13137117	45
SRR10489251.467088#151	13241869	13260854	chr02-13250754-13261162	46
SRR10489253.198269#0	13241869	13260854	chr02-13250754-13261162	47
SRR10489260.1969133#1	13241869	13260854	chr02-13250754-13261162	48
SRR10489261.196689#2	13241869	13260854	chr02-13250754-13261162	49
SRR10489255.438825#2	13325735	13326652	chr02-13327813-13340255	50
SRR10489255.438825#2	13328706	13340133	chr02-13327813-13340255	50
SRR10489255.438825#2	13351482	13352609	chr02-13327813-13340255	50
SRR10489259.1857439#239	13325735	13326652	chr02-13327813-13340255	51
SRR10489259.1857439#239	13328706	13340133	chr02-13327813-13340255	51
SRR10489259.1857439#239	13351482	13351483	chr02-13327813-13340255	51
SRR10489259.1857439#239	13352609	13352610	chr02-13327813-13340255	51
SRR10489261.463357#1	13325735	13326652	chr02-13327813-13340255	52
SRR10489261.463357#1	13328706	13340133	chr02-13327813-13340255	52
SRR10489261.463357#1	13351482	13352609	chr02-13327813-13340255	52
SRR10489261.505176#242	13325735	13326652	chr02-13327813-13340255	53
SRR10489261.505176#242	13328706	13340133	chr02-13327813-13340255	53
SRR10489261.505176#242	13351482	13352609	chr02-13327813-13340255	53
SRR10489249.289818#251	15164632	15178686	chr02-15164555-15178872	54
SRR10489261.223894#253	15164632	15178686	chr02-15164555-15178872	55
SRR10489265.121177#252	15164632	15178686	chr02-15164555-15178872	56
SRR10489258.263835#249	26143248	26144195	chr02-26166795-26177425	57
SRR10489258.263835#249	26159069	26177384	chr02-26166795-26177425	57
SRR10489251.576710#252	26159069	26177384	chr02-26166795-26177425	58
SRR10489259.1548285#254	26159069	26177384	chr02-26166795-26177425	59
SRR10489265.184201#251	26159069	26177384	chr02-26166795-26177425	60
SRR10489265.66667#0	35464689	35468713	chr02-35557940-35568008	61
SRR10489265.66667#0	35470610	35471058	chr02-35557940-35568008	61
SRR10489265.66667#0	35473016	35479525	chr02-35557940-35568008	61
SRR10489265.66667#0	35481304	35483298	chr02-35557940-35568008	61
SRR10489265.66667#0	35500369	35501657	chr02-35557940-35568008	61
SRR10489265.66667#0	35510477	35511823	chr02-35557940-35568008	61
SRR10489265.66667#0	35514827	35515890	chr02-35557940-35568008	61
SRR10489265.66667#0	35518342	35519375	chr02-35557940-35568008	61
SRR10489265.66667#0	35521517	35522577	chr02-35557940-35568008	61
SRR10489265.66667#0	35524195	35526316	chr02-35557940-35568008	61
SRR10489265.66667#0	35528375	35528792	chr02-35557940-35568008	61
SRR10489265.66667#0	35531077	35531905	chr02-35557940-35568008	61
SRR10489265.66667#0	35534301	35534516	chr02-35557940-35568008	61
SRR10489265.66667#0	35542618	35550196	chr02-35557940-35568008	61
SRR10489265.66667#0	35551438	35555198	chr02-35557940-35568008	61
SRR10489265.66667#0	35558095	35561528	chr02-35557940-35568008	61
SRR10489265.66667#0	35562697	35571986	chr02-35557940-35568008	61
SRR10489265.66667#0	35573145	35575427	chr02-35557940-35568008	61
SRR10489265.66667#0	35576516	35589259	chr02-35557940-35568008	61
SRR10489265.66667#0	35591302	35599587	chr02-35557940-35568008	61
SRR10489265.66667#0	35600636	35603596	chr02-35557940-35568008	61
SRR10489265.66667#0	35605125	35606172	chr02-35557940-35568008	61
SRR10489265.66667#0	35607223	35608105	chr02-35557940-35568008	61
SRR10489265.66667#0	35609581	35614592	chr02-35557940-35568008	61
SRR10489265.66667#0	35615656	35616536	chr02-35557940-35568008	61
SRR10489265.66667#0	35619859	35628651	chr02-35557940-35568008	61
SRR10489255.460418#13	35486167	35486167	chr02-35557940-35568008	62
SRR10489255.460418#13	35500369	35501657	chr02-35557940-35568008	62
SRR10489255.460418#13	35510477	35511823	chr02-35557940-35568008	62
SRR10489255.460418#13	35514827	35515890	chr02-35557940-35568008	62
SRR10489255.460418#13	35518342	35519375	chr02-35557940-35568008	62
SRR10489255.460418#13	35521517	35522577	chr02-35557940-35568008	62
SRR10489255.460418#13	35524195	35526316	chr02-35557940-35568008	62
SRR10489255.460418#13	35528375	35528792	chr02-35557940-35568008	62
SRR10489255.460418#13	35531077	35531905	chr02-35557940-35568008	62
SRR10489255.460418#13	35534301	35534516	chr02-35557940-35568008	62
SRR10489255.460418#13	35542618	35550196	chr02-35557940-35568008	62
SRR10489255.460418#13	35551438	35555198	chr02-35557940-35568008	62
SRR10489255.460418#13	35558095	35561528	chr02-35557940-35568008	62
SRR10489255.460418#13	35562697	35571986	chr02-35557940-35568008	62
SRR10489260.1395418#12	35510477	35511823	chr02-35557940-35568008	63
SRR10489260.1395418#12	35514827	35515890	chr02-35557940-35568008	63
SRR10489260.1395418#12	35518342	35519375	chr02-35557940-35568008	63
SRR10489260.1395418#12	35521517	35522577	chr02-35557940-35568008	63
SRR10489260.1395418#12	35524195	35526316	chr02-35557940-35568008	63
SRR10489260.1395418#12	35528375	35528792	chr02-35557940-35568008	63
SRR10489260.1395418#12	35531077	35531905	chr02-35557940-35568008	63
SRR10489260.1395418#12	35534301	35534516	chr02-35557940-35568008	63
SRR10489260.1395418#12	35542618	35550196	chr02-35557940-35568008	63
SRR10489260.1395418#12	35551438	35555198	chr02-35557940-35568008	63
SRR10489260.1395418#12	35558095	35561528	chr02-35557940-35568008	63
SRR10489260.1395418#12	35562697	35571986	chr02-35557940-35568008	63
SRR10489260.1395418#12	35573145	35575427	chr02-35557940-35568008	63
SRR10489260.1395418#12	35576516	35589259	chr02-35557940-35568008	63
SRR10489260.1395418#12	35591302	35599587	chr02-35557940-35568008	63
SRR10489260.1395418#12	35600973	35603596	chr02-35557940-35568008	63
SRR10489260.1395418#12	35605125	35606172	chr02-35557940-35568008	63
SRR10489260.1395418#12	35607223	35608105	chr02-35557940-35568008	63
SRR10489260.1395418#12	35609581	35614592	chr02-35557940-35568008	63
SRR10489260.1395418#12	35615656	35616536	chr02-35557940-35568008	63
SRR10489260.1395418#12	35619859	35628651	chr02-35557940-35568008	63
SRR10489260.223133#15	35510477	35511823	chr02-35557940-35568008	64
SRR10489260.223133#15	35514827	35515890	chr02-35557940-35568008	64
SRR10489260.223133#15	35518342	35519375	chr02-35557940-35568008	64
SRR10489260.223133#15	35521517	35522577	chr02-35557940-35568008	64
SRR10489260.223133#15	35524195	35526316	chr02-35557940-35568008	64
SRR10489260.223133#15	35528375	35528792	chr02-35557940-35568008	64
SRR10489260.223133#15	35531077	35531905	chr02-35557940-35568008	64
SRR10489260.223133#15	35534301	35534516	chr02-35557940-35568008	64
SRR10489260.223133#15	35542618	35550196	chr02-35557940-35568008	64
SRR10489260.223133#15	35551438	35555198	chr02-35557940-35568008	64
SRR10489260.223133#15	35558095	35561528	chr02-35557940-35568008	64
SRR10489260.223133#15	35562697	35571986	chr02-35557940-35568008	64
SRR10489260.223133#15	35573145	35575427	chr02-35557940-35568008	64
SRR10489260.223133#15	35576516	35589259	chr02-35557940-35568008	64
SRR10489260.223133#15	35591302	35599587	chr02-35557940-35568008	64
SRR10489260.223133#15	35600636	35603596	chr02-35557940-35568008	64
SRR10489260.223133#15	35605125	35606172	chr02-35557940-35568008	64
SRR10489260.223133#15	35607223	35608105	chr02-35557940-35568008	64
SRR10489260.223133#15	35609581	35614592	chr02-35557940-35568008	64
SRR10489260.223133#15	35615656	35616536	chr02-35557940-35568008	64
SRR10489260.223133#15	35619859	35628651	chr02-35557940-35568008	64
SRR10489262.215697#139	37714232	37714232	chr02-37712552-37724083	65
SRR10489262.215697#139	37715982	37715983	chr02-37712552-37724083	65
SRR10489262.215697#139	37717353	37717354	chr02-37712552-37724083	65
SRR10489262.215697#139	37718469	37718470	chr02-37712552-37724083	65
SRR10489262.215697#139	37719928	37719929	chr02-37712552-37724083	65
SRR10489262.215697#139	37721187	37721745	chr02-37712552-37724083	65
SRR10489262.215697#139	37722989	37723258	chr02-37712552-37724083	65
SRR10489262.215697#139	37725369	37725411	chr02-37712552-37724083	65
SRR10489262.215697#139	37728254	37729350	chr02-37712552-37724083	65
SRR10489262.215697#139	37741219	37742128	chr02-37712552-37724083	65
SRR10489262.215697#139	37744290	37745604	chr02-37712552-37724083	65
SRR10489262.470494#1	37714232	37714232	chr02-37712552-37724083	66
SRR10489262.470494#1	37715982	37715983	chr02-37712552-37724083	66
SRR10489262.470494#1	37717353	37717354	chr02-37712552-37724083	66
SRR10489262.470494#1	37718469	37718470	chr02-37712552-37724083	66
SRR10489262.470494#1	37719928	37719929	chr02-37712552-37724083	66
SRR10489262.470494#1	37721187	37721745	chr02-37712552-37724083	66
SRR10489262.470494#1	37722989	37723258	chr02-37712552-37724083	66
SRR10489262.470494#1	37725369	37725411	chr02-37712552-37724083	66
SRR10489262.470494#1	37728254	37729350	chr02-37712552-37724083	66
SRR10489262.470494#1	37741219	37742128	chr02-37712552-37724083	66
SRR10489262.470494#1	37744290	37745604	chr02-37712552-37724083	66
SRR10489262.470494#1	37747704	37748054	chr02-37712552-37724083	66
SRR10489262.470494#1	37749613	37751922	chr02-37712552-37724083	66
SRR10489262.470494#1	37755283	37755848	chr02-37712552-37724083	66
SRR10489262.470494#1	37784286	37784484	chr02-37712552-37724083	66
SRR10489265.109461#142	37714232	37714232	chr02-37712552-37724083	67
SRR10489265.109461#142	37715982	37715983	chr02-37712552-37724083	67
SRR10489265.109461#142	37717353	37717354	chr02-37712552-37724083	67
SRR10489265.109461#142	37718469	37718470	chr02-37712552-37724083	67
SRR10489265.109461#142	37719928	37719929	chr02-37712552-37724083	67
SRR10489265.109461#142	37721187	37721745	chr02-37712552-37724083	67
SRR10489265.109461#142	37722989	37723258	chr02-37712552-37724083	67
SRR10489265.109461#142	37725369	37725411	chr02-37712552-37724083	67
SRR10489265.109461#142	37728254	37729350	chr02-37712552-37724083	67
SRR10489265.109461#142	37741219	37742128	chr02-37712552-37724083	67
SRR10489265.109461#142	37744290	37745604	chr02-37712552-37724083	67
SRR10489265.109461#142	37747704	37748054	chr02-37712552-37724083	67
SRR10489265.109461#142	37749613	37751922	chr02-37712552-37724083	67
SRR10489265.109461#142	37755283	37755848	chr02-37712552-37724083	67
SRR10489265.224191#1	37714232	37714232	chr02-37712552-37724083	68
SRR10489265.224191#1	37715982	37715983	chr02-37712552-37724083	68
SRR10489265.224191#1	37717353	37717354	chr02-37712552-37724083	68
SRR10489265.224191#1	37718469	37718470	chr02-37712552-37724083	68
SRR10489265.224191#1	37719928	37719929	chr02-37712552-37724083	68
SRR10489265.224191#1	37721187	37721745	chr02-37712552-37724083	68
SRR10489265.224191#1	37722989	37723258	chr02-37712552-37724083	68
SRR10489265.224191#1	37725369	37725411	chr02-37712552-37724083	68
SRR10489265.224191#1	37728254	37729350	chr02-37712552-37724083	68
SRR10489265.224191#1	37741219	37742128	chr02-37712552-37724083	68
SRR10489265.224191#1	37744290	37745604	chr02-37712552-37724083	68
SRR10489265.224191#1	37747704	37748054	chr02-37712552-37724083	68
SRR10489265.224191#1	37749613	37751922	chr02-37712552-37724083	68
SRR10489265.224191#1	37755283	37755848	chr02-37712552-37724083	68
SRR10489256.72908#0	42077175	42077175	chr02-42146251-42180878	69
SRR10489256.72908#0	42087483	42088306	chr02-42146251-42180878	69
SRR10489256.72908#0	42096565	42097818	chr02-42146251-42180878	69
SRR10489256.72908#0	42103115	42103116	chr02-42146251-42180878	69
SRR10489256.72908#0	42104441	42106329	chr02-42146251-42180878	69
SRR10489256.72908#0	42112883	42113380	chr02-42146251-42180878	69
SRR10489256.72908#0	42118957	42118958	chr02-42146251-42180878	69
SRR10489256.72908#0	42122620	42122621	chr02-42146251-42180878	69
SRR10489256.72908#0	42124577	42125655	chr02-42146251-42180878	69
SRR10489256.72908#0	42127028	42127029	chr02-42146251-42180878	69
SRR10489256.72908#0	42128735	42129571	chr02-42146251-42180878	69
SRR10489256.72908#0	42131633	42132169	chr02-42146251-42180878	69
SRR10489256.72908#0	42133694	42133811	chr02-42146251-42180878	69
SRR10489256.72908#0	42135264	42135265	chr02-42146251-42180878	69
SRR10489256.72908#0	42136830	42136831	chr02-42146251-42180878	69
SRR10489256.72908#0	42142463	42143719	chr02-42146251-42180878	69
SRR10489256.72908#0	42146334	42147004	chr02-42146251-42180878	69
SRR10489256.72908#0	42148444	42156964	chr02-42146251-42180878	69
SRR10489256.72908#0	42158699	42158700	chr02-42146251-42180878	69
SRR10489256.72908#0	42159762	42159895	chr02-42146251-42180878	69
SRR10489256.72908#0	42161032	42162520	chr02-42146251-42180878	69
SRR10489256.72908#0	42164047	42165987	chr02-42146251-42180878	69
SRR10489256.72908#0	42167465	42168389	chr02-42146251-42180878	69
SRR10489256.72908#0	42170151	42172125	chr02-42146251-42180878	69
SRR10489256.72908#0	42173253	42173537	chr02-42146251-42180878	69
SRR10489256.72908#0	42176494	42176495	chr02-42146251-42180878	69
SRR10489256.72908#0	42178069	42179150	chr02-42146251-42180878	69
SRR10489256.72908#0	42180418	42180810	chr02-42146251-42180878	69
SRR10489256.72908#0	42185434	42186076	chr02-42146251-42180878	69
SRR10489256.72908#0	42187803	42188425	chr02-42146251-42180878	69
SRR10489256.72908#0	42189709	42192398	chr02-42146251-42180878	69
SRR10489251.308850#1	42096565	42097818	chr02-42146251-42180878	70
SRR10489251.308850#1	42103115	42103116	chr02-42146251-42180878	70
SRR10489251.308850#1	42104441	42106329	chr02-42146251-42180878	70
SRR10489251.308850#1	42112883	42113380	chr02-42146251-42180878	70
SRR10489251.308850#1	42118957	42118958	chr02-42146251-42180878	70
SRR10489251.308850#1	42122620	42122621	chr02-42146251-42180878	70
SRR10489251.308850#1	42124577	42125655	chr02-42146251-42180878	70
SRR10489251.308850#1	42127028	42127029	chr02-42146251-42180878	70
SRR10489251.308850#1	42128735	42129571	chr02-42146251-42180878	70
SRR10489251.308850#1	42131633	42132169	chr02-42146251-42180878	70
SRR10489251.308850#1	42133694	42133811	chr02-42146251-42180878	70
SRR10489251.308850#1	42135264	42135265	chr02-42146251-42180878	70
SRR10489251.308850#1	42136830	42136831	chr02-42146251-42180878	70
SRR10489251.308850#1	42142463	42143719	chr02-42146251-42180878	70
SRR10489251.308850#1	42146334	42147004	chr02-42146251-42180878	70
SRR10489251.308850#1	42148444	42156964	chr02-42146251-42180878	70
SRR10489251.308850#1	42158699	42158700	chr02-42146251-42180878	70
SRR10489251.308850#1	42159762	42159895	chr02-42146251-42180878	70
SRR10489251.308850#1	42161032	42162520	chr02-42146251-42180878	70
SRR10489251.308850#1	42164047	42165987	chr02-42146251-42180878	70
SRR10489251.308850#1	42167465	42168389	chr02-42146251-42180878	70
SRR10489251.308850#1	42170151	42172125	chr02-42146251-42180878	70
SRR10489251.308850#1	42173253	42173537	chr02-42146251-42180878	70
SRR10489251.308850#1	42176494	42176495	chr02-42146251-42180878	70
SRR10489251.308850#1	42178069	42179150	chr02-42146251-42180878	70
SRR10489251.308850#1	42180418	42180810	chr02-42146251-42180878	70
SRR10489251.308850#1	42185434	42186076	chr02-42146251-42180878	70
SRR10489251.308850#1	42187803	42188425	chr02-42146251-42180878	70
SRR10489251.308850#1	42189709	42192398	chr02-42146251-42180878	70
SRR10489251.308850#1	42199496	42205953	chr02-42146251-42180878	70
SRR10489251.308850#1	42209135	42213653	chr02-42146251-42180878	70
SRR10489251.308850#1	42217729	42219980	chr02-42146251-42180878	70
SRR10489251.308850#1	42223758	42223819	chr02-42146251-42180878	70
SRR10489251.308850#1	42225292	42228142	chr02-42146251-42180878	70
SRR10489251.308850#1	42232908	42235775	chr02-42146251-42180878	70
SRR10489251.308850#1	42236865	42238450	chr02-42146251-42180878	70
SRR10489251.308850#1	42239775	42244399	chr02-42146251-42180878	70
SRR10489251.308850#1	42245468	42245913	chr02-42146251-42180878	70
SRR10489251.308850#1	42254281	42254452	chr02-42146251-42180878	70
SRR10489251.308850#1	42259863	42261241	chr02-42146251-42180878	70
SRR10489251.308850#1	42262501	42264353	chr02-42146251-42180878	70
SRR10489251.308850#1	42278959	42279283	chr02-42146251-42180878	70
SRR10489251.443694#5	42097516	42097818	chr02-42146251-42180878	71
SRR10489251.443694#5	42103115	42103116	chr02-42146251-42180878	71
SRR10489251.443694#5	42104441	42106329	chr02-42146251-42180878	71
SRR10489251.443694#5	42112883	42113380	chr02-42146251-42180878	71
SRR10489251.443694#5	42118957	42118958	chr02-42146251-42180878	71
SRR10489251.443694#5	42122620	42122621	chr02-42146251-42180878	71
SRR10489251.443694#5	42124577	42125655	chr02-42146251-42180878	71
SRR10489251.443694#5	42127028	42127029	chr02-42146251-42180878	71
SRR10489251.443694#5	42128735	42129571	chr02-42146251-42180878	71
SRR10489251.443694#5	42131633	42132169	chr02-42146251-42180878	71
SRR10489251.443694#5	42133694	42133811	chr02-42146251-42180878	71
SRR10489251.443694#5	42135264	42135265	chr02-42146251-42180878	71
SRR10489251.443694#5	42136830	42136831	chr02-42146251-42180878	71
SRR10489251.443694#5	42142463	42143719	chr02-42146251-42180878	71
SRR10489251.443694#5	42146334	42147004	chr02-42146251-42180878	71
SRR10489251.443694#5	42148444	42156964	chr02-42146251-42180878	71
SRR10489251.443694#5	42158699	42158700	chr02-42146251-42180878	71
SRR10489251.443694#5	42159762	42159895	chr02-42146251-42180878	71
SRR10489251.443694#5	42161032	42162520	chr02-42146251-42180878	71
SRR10489251.443694#5	42164047	42165987	chr02-42146251-42180878	71
SRR10489251.443694#5	42167465	42168389	chr02-42146251-42180878	71
SRR10489251.443694#5	42170151	42172125	chr02-42146251-42180878	71
SRR10489251.443694#5	42173253	42173537	chr02-42146251-42180878	71
SRR10489251.443694#5	42176494	42176495	chr02-42146251-42180878	71
SRR10489251.443694#5	42178069	42178070	chr02-42146251-42180878	71
SRR10489262.509033#2	42103115	42103115	chr02-42146251-42180878	72
SRR10489262.509033#2	42104441	42106329	chr02-42146251-42180878	72
SRR10489262.509033#2	42112883	42113380	chr02-42146251-42180878	72
SRR10489262.509033#2	42118957	42118958	chr02-42146251-42180878	72
SRR10489262.509033#2	42122620	42122621	chr02-42146251-42180878	72
SRR10489262.509033#2	42124577	42125655	chr02-42146251-42180878	72
SRR10489262.509033#2	42127028	42127029	chr02-42146251-42180878	72
SRR10489262.509033#2	42128735	42129571	chr02-42146251-42180878	72
SRR10489262.509033#2	42131633	42132169	chr02-42146251-42180878	72
SRR10489262.509033#2	42133694	42133811	chr02-42146251-42180878	72
SRR10489262.509033#2	42135264	42135265	chr02-42146251-42180878	72
SRR10489262.509033#2	42136830	42136831	chr02-42146251-42180878	72
SRR10489262.509033#2	42142463	42143719	chr02-42146251-42180878	72
SRR10489262.509033#2	42146334	42147004	chr02-42146251-42180878	72
SRR10489262.509033#2	42148444	42156964	chr02-42146251-42180878	72
SRR10489262.509033#2	42158699	42158700	chr02-42146251-42180878	72
SRR10489262.509033#2	42159762	42159895	chr02-42146251-42180878	72
SRR10489262.509033#2	42161032	42162520	chr02-42146251-42180878	72
SRR10489262.509033#2	42164047	42165987	chr02-42146251-42180878	72
SRR10489262.509033#2	42167465	42168389	chr02-42146251-42180878	72
SRR10489262.509033#2	42170151	42172125	chr02-42146251-42180878	72
SRR10489262.509033#2	42173253	42173537	chr02-42146251-42180878	72
SRR10489262.509033#2	42176494	42176495	chr02-42146251-42180878	72
SRR10489262.509033#2	42178069	42179150	chr02-42146251-42180878	72
SRR10489262.509033#2	42180418	42180810	chr02-42146251-42180878	72
SRR10489262.509033#2	42185434	42186076	chr02-42146251-42180878	72
SRR10489262.509033#2	42187803	42188425	chr02-42146251-42180878	72
SRR10489262.509033#2	42189709	42192398	chr02-42146251-42180878	72
SRR10489262.509033#2	42199496	42205953	chr02-42146251-42180878	72
SRR10489262.509033#2	42209135	42213653	chr02-42146251-42180878	72
SRR10489262.509033#2	42217729	42219980	chr02-42146251-42180878	72
SRR10489262.509033#2	42223758	42223819	chr02-42146251-42180878	72
SRR10489262.509033#2	42225292	42228142	chr02-42146251-42180878	72
SRR10489262.509033#2	42232908	42235775	chr02-42146251-42180878	72
SRR10489262.509033#2	42236865	42238450	chr02-42146251-42180878	72
SRR10489262.509033#2	42239775	42245913	chr02-42146251-42180878	72
SRR10489262.509033#2	42254281	42254695	chr02-42146251-42180878	72
SRR10489262.509033#2	42259863	42261241	chr02-42146251-42180878	72
SRR10489262.509033#2	42262501	42264353	chr02-42146251-42180878	72
SRR10489262.509033#2	42278959	42281555	chr02-42146251-42180878	72
SRR10489262.509033#2	42282658	42283449	chr02-42146251-42180878	72
SRR10489262.509033#2	42284522	42289760	chr02-42146251-42180878	72
SRR10489262.509033#2	42295870	42297293	chr02-42146251-42180878	72
SRR10489262.509033#2	42298324	42299436	chr02-42146251-42180878	72
SRR10489262.509033#2	42303996	42304481	chr02-42146251-42180878	72
SRR10489265.166549#0	42178664	42179150	chr02-42146251-42180878	73
SRR10489265.166549#0	42180418	42180810	chr02-42146251-42180878	73
SRR10489265.166549#0	42185434	42186076	chr02-42146251-42180878	73
SRR10489265.166549#0	42187803	42188425	chr02-42146251-42180878	73
SRR10489265.166549#0	42189709	42192398	chr02-42146251-42180878	73
SRR10489265.166549#0	42199496	42205953	chr02-42146251-42180878	73
SRR10489265.166549#0	42209135	42213653	chr02-42146251-42180878	73
SRR10489265.166549#0	42217729	42219980	chr02-42146251-42180878	73
SRR10489265.166549#0	42223758	42223819	chr02-42146251-42180878	73
SRR10489265.166549#0	42225292	42228142	chr02-42146251-42180878	73
SRR10489262.272857#0	42663868	42664531	chr02-42737524-42753892	74
SRR10489262.272857#0	42675824	42675825	chr02-42737524-42753892	74
SRR10489262.272857#0	42677239	42678753	chr02-42737524-42753892	74
SRR10489262.272857#0	42685371	42685587	chr02-42737524-42753892	74
SRR10489262.272857#0	42688546	42692282	chr02-42737524-42753892	74
SRR10489262.272857#0	42693324	42694127	chr02-42737524-42753892	74
SRR10489262.272857#0	42699275	42699759	chr02-42737524-42753892	74
SRR10489262.272857#0	42712704	42714006	chr02-42737524-42753892	74
SRR10489262.272857#0	42719509	42726027	chr02-42737524-42753892	74
SRR10489262.272857#0	42730943	42732208	chr02-42737524-42753892	74
SRR10489262.272857#0	42734237	42736741	chr02-42737524-42753892	74
SRR10489262.272857#0	42737823	42745257	chr02-42737524-42753892	74
SRR10489262.272857#0	42746491	42748286	chr02-42737524-42753892	74
SRR10489262.272857#0	42749299	42753877	chr02-42737524-42753892	74
SRR10489262.272857#0	42757836	42759671	chr02-42737524-42753892	74
SRR10489262.272857#0	42760702	42763118	chr02-42737524-42753892	74
SRR10489262.272857#0	42764263	42766102	chr02-42737524-42753892	74
SRR10489262.272857#0	42771886	42776507	chr02-42737524-42753892	74
SRR10489262.272857#0	42777544	42779018	chr02-42737524-42753892	74
SRR10489262.272857#0	42780271	42783524	chr02-42737524-42753892	74
SRR10489262.272857#0	42787340	42793694	chr02-42737524-42753892	74
SRR10489262.272857#0	42798209	42799129	chr02-42737524-42753892	74
SRR10489262.272857#0	42800471	42807171	chr02-42737524-42753892	74
SRR10489262.272857#0	42809184	42812114	chr02-42737524-42753892	74
SRR10489262.272857#0	42815640	42817982	chr02-42737524-42753892	74
SRR10489262.272857#0	42821970	42826667	chr02-42737524-42753892	74
SRR10489262.272857#0	42827902	42828522	chr02-42737524-42753892	74
SRR10489262.272857#0	42829597	42829879	chr02-42737524-42753892	74
SRR10489262.272857#0	42831305	42834530	chr02-42737524-42753892	74
SRR10489262.272857#0	42835747	42836987	chr02-42737524-42753892	74
SRR10489262.272857#0	42838138	42841380	chr02-42737524-42753892	74
SRR10489262.272857#0	42842870	42847474	chr02-42737524-42753892	74
SRR10489262.272857#0	42853951	42855109	chr02-42737524-42753892	74
SRR10489262.272857#0	42865226	42865227	chr02-42737524-42753892	74
SRR10489262.272857#0	42866310	42867217	chr02-42737524-42753892	74
SRR10489262.272857#0	42873423	42875973	chr02-42737524-42753892	74
SRR10489262.272857#0	42877546	42880890	chr02-42737524-42753892	74
SRR10489262.272857#0	42882005	42882006	chr02-42737524-42753892	74
SRR10489262.272857#0	42883055	42887667	chr02-42737524-42753892	74
SRR10489262.272857#0	42895262	42896403	chr02-42737524-42753892	74
SRR10489262.272857#0	42897648	42898976	chr02-42737524-42753892	74
SRR10489260.966315#4	42675824	42675824	chr02-42737524-42753892	75
SRR10489260.966315#4	42677239	42678753	chr02-42737524-42753892	75
SRR10489260.966315#4	42685371	42685587	chr02-42737524-42753892	75
SRR10489260.966315#4	42688546	42692282	chr02-42737524-42753892	75
SRR10489260.966315#4	42693324	42694127	chr02-42737524-42753892	75
SRR10489260.966315#4	42699275	42699759	chr02-42737524-42753892	75
SRR10489260.966315#4	42712704	42714006	chr02-42737524-42753892	75
SRR10489260.966315#4	42719509	42726027	chr02-42737524-42753892	75
SRR10489260.966315#4	42730943	42732208	chr02-42737524-42753892	75
SRR10489260.966315#4	42734237	42736741	chr02-42737524-42753892	75
SRR10489260.966315#4	42737823	42745257	chr02-42737524-42753892	75
SRR10489260.966315#4	42746491	42748286	chr02-42737524-42753892	75
SRR10489260.966315#4	42749299	42753877	chr02-42737524-42753892	75
SRR10489260.966315#4	42757836	42759671	chr02-42737524-42753892	75
SRR10489260.966315#4	42760702	42763118	chr02-42737524-42753892	75
SRR10489260.966315#4	42764263	42766102	chr02-42737524-42753892	75
SRR10489260.966315#4	42771886	42776507	chr02-42737524-42753892	75
SRR10489260.966315#4	42777544	42779018	chr02-42737524-42753892	75
SRR10489260.966315#4	42780271	42783524	chr02-42737524-42753892	75
SRR10489255.498191#0	42723523	42726027	chr02-42737524-42753892	76
SRR10489255.498191#0	42730943	42732208	chr02-42737524-42753892	76
SRR10489255.498191#0	42734237	42736741	chr02-42737524-42753892	76
SRR10489255.498191#0	42737823	42745257	chr02-42737524-42753892	76
SRR10489255.498191#0	42746491	42748286	chr02-42737524-42753892	76
SRR10489255.498191#0	42749299	42753877	chr02-42737524-42753892	76
SRR10489255.498191#0	42757836	42759671	chr02-42737524-42753892	76
SRR10489255.498191#0	42760702	42763118	chr02-42737524-42753892	76
SRR10489255.498191#0	42764263	42764264	chr02-42737524-42753892	76
SRR10489261.335531#2	42723523	42726027	chr02-42737524-42753892	77
SRR10489261.335531#2	42730943	42732208	chr02-42737524-42753892	77
SRR10489261.335531#2	42734237	42736741	chr02-42737524-42753892	77
SRR10489261.335531#2	42737823	42745257	chr02-42737524-42753892	77
SRR10489261.335531#2	42746491	42748286	chr02-42737524-42753892	77
SRR10489261.335531#2	42749299	42753877	chr02-42737524-42753892	77
SRR10489261.335531#2	42757836	42759671	chr02-42737524-42753892	77
SRR10489261.335531#2	42760702	42763118	chr02-42737524-42753892	77
SRR10489261.335531#2	42764263	42766102	chr02-42737524-42753892	77
SRR10489261.335531#2	42771886	42776507	chr02-42737524-42753892	77
SRR10489261.335531#2	42777544	42779018	chr02-42737524-42753892	77
SRR10489261.335531#2	42780271	42783524	chr02-42737524-42753892	77
SRR10489261.335531#2	42787340	42793694	chr02-42737524-42753892	77
SRR10489261.335531#2	42798209	42799129	chr02-42737524-42753892	77
SRR10489261.335531#2	42800471	42804525	chr02-42737524-42753892	77
SRR10489262.397396#0	42753446	42753729	chr02-42737524-42753892	78
SRR10489262.397396#0	42757836	42759671	chr02-42737524-42753892	78
SRR10489262.397396#0	42760702	42763118	chr02-42737524-42753892	78
SRR10489262.397396#0	42764263	42766102	chr02-42737524-42753892	78
SRR10489262.397396#0	42771886	42776507	chr02-42737524-42753892	78
SRR10489262.397396#0	42777544	42779018	chr02-42737524-42753892	78
SRR10489262.397396#0	42780271	42783524	chr02-42737524-42753892	78
SRR10489262.397396#0	42787340	42793694	chr02-42737524-42753892	78
SRR10489262.397396#0	42798209	42799129	chr02-42737524-42753892	78
SRR10489262.397396#0	42800471	42807171	chr02-42737524-42753892	78
SRR10489262.397396#0	42809184	42812114	chr02-42737524-42753892	78
SRR10489262.397396#0	42815640	42817982	chr02-42737524-42753892	78
SRR10489259.1900482#309	46029982	46030335	chr02-46054914-46070627	79
SRR10489259.1900482#309	46055398	46065189	chr02-46054914-46070627	79
SRR10489259.1900482#309	46068488	46070607	chr02-46054914-46070627	79
SRR10489262.187441#319	46029982	46030335	chr02-46054914-46070627	80
SRR10489262.187441#319	46055398	46065189	chr02-46054914-46070627	80
SRR10489262.187441#319	46068488	46070607	chr02-46054914-46070627	80
SRR10489251.256577#320	46055398	46065189	chr02-46054914-46070627	81
SRR10489251.256577#320	46068488	46070607	chr02-46054914-46070627	81
SRR10489262.439708#321	46055398	46065189	chr02-46054914-46070627	82
SRR10489262.439708#321	46068488	46070607	chr02-46054914-46070627	82
