tools	ploidy	heterozygosityRates	coverage	accuracy	error rate	missing rate	reads accuracy rate	nHaplotigs per haplotype	nHaplotigs	nHaplotypes	time	RSS	VMS
whatshap polyphase	3	3	10	99.85	0.01	0.15	100	1	3	3	40.941777251660824	3848101888	78922010624
whatshap polyphase	3	3	15	99.91	0	0.09	99.97	1	3	3	81.63579798582941	5414260736	80529813504
whatshap polyphase	3	3	20	99.94	0	0.05	99.98	1	3	3	121.75326657574624	6852509696	81972092928
whatshap polyphase	4	3	10	99.8	0	0.2	99.99	1	4	4	60.93434408959001	4205563904	79281500160
whatshap polyphase	4	3	15	99.84	0	0.16	99.97	1	4	4	95.36633711867034	6121648128	81200549888
whatshap polyphase	4	3	20	99.92	0	0.08	99.96	1	4	4	163.69987275637686	7965102080	83071565824
whatshap polyphase	5	3	10	90.25	9.51	0.24	81.37	1	5	5	81.39301676861942	4631703552	79746609152
whatshap polyphase	5	3	15	99.86	0	0.14	99.98	1	5	5	133.5259058913216	6731644928	81862967296
whatshap polyphase	5	3	20	99.9	0	0.1	99.96	1	5	5	222.41480072308332	9061580800	84196454400
whatshap polyphase	6	3	10	75.56	9.98	14.46	77.21	1	6	6	96.15422127302736	5028450304	80142372864
whatshap polyphase	6	3	15	99.86	0.01	0.12	99.98	1	6	6	208.77649882342666	7314747392	82420068352
whatshap polyphase	6	3	20	99.91	0	0.09	99.97	1	6	6	356.9477971531451	10187149312	85296263168
whatshap polyphase	7	3	10	93.28	6.39	0.33	87.16	1	7	7	125.22458244580775	5673410560	80782729216
whatshap polyphase	7	3	15	99.85	0	0.15	99.95	1	7	7	225.3567691994831	7985156096	83080134656
whatshap polyphase	7	3	20	99.87	0	0.12	99.97	1	7	7	429.32283667009324	11054063616	86132924416
whatshap polyphase	8	3	10	82.21	6.45	11.34	84.71	1	8	8	235.27274581138045	6315839488	81407614976
whatshap polyphase	8	3	15	99.81	0	0.18	99.97	1	8	8	364.4880334325135	8447963136	83526279168
whatshap polyphase	8	3	20	99.9	0	0.1	99.96	1	8	8	621.4696099534631	11808186368	86928818176
whatshap polyphase	9	3	10	91.05	8.63	0.32	81.43	2	18	9	689.9276629760861	8547086336	83678777344
whatshap polyphase	9	3	15	99.64	0.19	0.17	99.53	1	9	9	798.5615804381669	10100785152	85192593408
whatshap polyphase	9	3	20	99.81	0.07	0.11	99.83	2	18	9	1167.449679051526	13489311744	88579506176
whatshap polyphase	10	3	10	65.07	17.98	16.95	52.16	1	10	10	2450.1417757291347	12166168576	87279374336
whatshap polyphase	10	3	15	99.74	0.06	0.2	99.86	1	10	10	2332.209194138646	12179996672	87254650880
whatshap polyphase	10	3	20	95.98	3.93	0.09	91.1	1	10	10	2814.85916821938	15101161472	90183942144
whatshap polyphase	11	3	10	90.87	6.93	2.2	84.95	3	33	11	16024.951736413874	21530353664	96645611520
whatshap polyphase	11	3	15	95.35	4.47	0.18	89.94	2	22	11	8392.606640490703	18551836672	93656330240
whatshap polyphase	11	3	20	83.87	7.68	8.45	80.75	1	11	11	9796.726402951404	21143359488	96294182912
whatshap polyphase	12	3	10	93.21	5.73	1.06	87.37	8	96	12	56994.305971614085	29940449280	105023737856
whatshap polyphase	12	3	15	90.88	8.91	0.21	79.49	2	24	12	35726.82427078299	89145466880	164642590720
whatshap polyphase	12	3	20	98.53	1.33	0.14	96.95	4	48	12	41689.888877772726	90620514304	166129565696
nPhase	3	3	10	99.83	0.16	0.01	99.91	4	12	3	689.8477402785793	73076572160	113102630912
nPhase	3	3	15	99.9	0.09	0	99.89	1	3	3	2193.6019106600434	123319164928	164692213760
nPhase	3	3	20	99.91	0.09	0	99.89	1	3	3	4237.648848516867	175336366080	216161333248
nPhase	4	3	10	99.68	0.31	0.01	99.63	10.5	42	4	1053.1654726341367	90435772416	130200072192
nPhase	4	3	15	99.88	0.11	0	99.63	1	4	4	3157.7473711436614	155453624320	196834553856
nPhase	4	3	20	99.9	0.09	0	99.75	1	4	4	7561.47595976945	223673917440	264643031040
nPhase	5	3	10	99.7	0.29	0.01	99.58	1.8	9	5	1086.6591748390347	107575500800	147562688512
nPhase	5	3	15	99.88	0.11	0	99.68	1	5	5	4488.3834519917145	185050464256	225987174400
nPhase	5	3	20	99.9	0.09	0	99.6	1	5	5	9440.83499915991	269332803584	310775066624
nPhase	6	3	10	99.71	0.28	0.01	99.48	2.5	15	6	1306.0535554392263	120772341760	162149601280
nPhase	6	3	15	99.87	0.13	0	99.49	1	6	6	4865.87355387304	208838393856	250173014016
nPhase	6	3	20	99.91	0.09	0	99.37	1	6	6	11525.392442460172	314335272960	354464829440
nPhase	7	3	10	99.62	0.37	0.01	99.31	1.6	11	7	2137.7415037853643	139426406400	180525416448
nPhase	7	3	15	99.85	0.15	0	99.3	1	7	7	6264.447482182644	237276639232	277967740928
nPhase	7	3	20	99.88	0.12	0	99.3	1	7	7	13678.683287780732	353911033856	394009190400
nPhase	8	3	10	99.63	0.34	0.03	98.99	1.5	12	8	2075.255290123634	150579408896	191700447232
nPhase	8	3	15	99.84	0.16	0	99	1	8	8	6636.9993830714375	257459105792	297729441792
nPhase	8	3	20	99.88	0.12	0	99.03	1	8	8	15802.961042261682	385352798208	425859006464
nPhase	9	3	10	97.41	1.07	1.52	97.4	2	18	9	2609.8863853868097	189200138240	229456171008
nPhase	9	3	15	99.82	0.18	0	98.87	1	9	9	10961.967813848518	310118584320	350768971776
nPhase	9	3	20	99.87	0.12	0	98.86	1	9	9	18781.117016030475	449512783872	490009157632
nPhase	10	3	10	97.75	0.96	1.29	97.69	1.9	19	10	3120.5835838159546	218624647168	259312631808
nPhase	10	3	15	99.8	0.2	0	98.82	1	10	10	10816.821811682545	357433221120	397190746112
nPhase	10	3	20	99.79	0.21	0	98.74	1.2	12	10	20962.18536881171	508645117952	549990023168
nPhase	11	3	10	99.61	0.37	0.02	98.75	1.9	21	11	3695.538579427637	236583010304	276666040320
nPhase	11	3	15	99.78	0.22	0.01	98.64	1	11	11	13382.800484531559	385325395968	426048335872
nPhase	11	3	20	99.83	0.17	0	98.56	1	11	11	30295.56578231789	553186508800	593941585920
nPhase	12	3	10	97.17	1.19	1.64	96.9	2.1	25	12	4294.645182661712	253602254848	293629370368
nPhase	12	3	15	99.74	0.26	0	98.29	1	12	12	15904.263519601896	416213573632	456596938752
nPhase	12	3	20	98.89	0.54	0.57	97.54	1.1	13	12	30336.38018980995	622176395264	662165848064
nTChap	3	3	10	99.88	0.11	0.01	100	1.7	5	3	1057.5946210362017	25231233024	103968219136
nTChap	3	3	15	99.92	0.07	0.01	99.93	1	3	3	2283.99055116158	43328729088	122082877440
nTChap	3	3	20	99.92	0.07	0.01	99.97	1	3	3	4301.10969494842	61945085952	140268597248
nTChap	4	3	10	99.88	0.11	0.01	99.95	1.3	5	4	1871.3496975433081	30710210560	109459533824
nTChap	4	3	15	99.91	0.08	0.01	99.96	1	4	4	4014.7662532227114	54329610240	132682035200
nTChap	4	3	20	99.92	0.07	0.01	99.92	1	4	4	7026.428443889134	78130978816	156869218304
nTChap	5	3	10	99.84	0.15	0.01	99.83	1.6	8	5	3834.3093776972964	36799807488	115216244736
nTChap	5	3	15	99.92	0.08	0.01	99.88	1	5	5	6148.236404133961	63334686720	142088617984
nTChap	5	3	20	99.93	0.07	0.01	99.87	1	5	5	10742.200755720027	93676294144	171883524096
nTChap	6	3	10	99.86	0.12	0.01	99.84	1.7	10	6	5188.869202175178	42183221248	120469807104
nTChap	6	3	15	99.93	0.06	0.01	99.82	1	6	6	8225.543885151856	71717044224	149959491584
nTChap	6	3	20	99.95	0.05	0	99.82	1	6	6	15898.37609470915	107863527424	186004992000
nTChap	7	3	10	99.85	0.14	0.01	99.72	1.3	9	7	7018.337411222048	9850957824	51606982656
nTChap	7	3	15	99.92	0.07	0.01	99.79	1	7	7	15393.940085842274	79411490816	158163091456
nTChap	7	3	20	99.93	0.07	0	99.76	1	7	7	23141.455302111804	119110914048	197737558016
nTChap	8	3	10	99.9	0.09	0.01	99.76	1.1	9	8	8179.040416396223	51824635904	130217385984
nTChap	8	3	15	99.94	0.06	0.01	99.76	1	8	8	19496.07224064134	86265638912	164419796992
nTChap	8	3	20	99.95	0.05	0	99.74	1	8	8	30376.302484481595	128423833600	206430547968
nTChap	9	3	10	99.85	0.13	0.03	99.67	1.3	12	9	12648.372001629323	63208902656	141430915072
nTChap	9	3	15	99.93	0.06	0.01	99.65	1	9	9	29207.668000193313	103752753152	181856546816
nTChap	9	3	20	99.94	0.05	0	99.67	1	9	9	41974.37139918748	147530035200	226263670784
nTChap	10	3	10	99.87	0.1	0.03	99.63	1.2	12	10	19554.574505776167	72688427008	150920511488
nTChap	10	3	15	99.93	0.07	0	99.62	1	10	10	38181.03148596082	117934071808	195977850880
nTChap	10	3	20	99.95	0.05	0	99.68	1	10	10	70629.89482945204	164551843840	243278786560
nTChap	11	3	10	99.85	0.12	0.02	99.62	1.5	16	11	22426.647751559503	78722707456	156905259008
nTChap	11	3	15	99.93	0.07	0.01	99.62	1	11	11	48393.200260845944	126504030208	204488609792
nTChap	11	3	20	99.93	0.07	0	99.65	1	11	11	79984.65058806259	177481351168	256137564160
nTChap	12	3	10	99.86	0.12	0.02	99.54	1.3	16	12	25638.840592468157	83047944192	161798406144
nTChap	12	3	15	99.92	0.07	0.01	99.59	1	12	12	44146.04462825414	134504914944	213205659648
nTChap	12	3	20	99.93	0.06	0.01	99.56	1	12	12	96865.42373561487	189794959360	268516515840
flopp	3	3	10	99.91	0.09	0	98.24	1	3	3	3.2236630972474813	144228352	1231532032
flopp	3	3	15	99.92	0.08	0	97.72	1	3	3	6.460216166451573	247533568	1320120320
flopp	3	3	20	99.92	0.08	0	97.88	1	3	3	8.670748265460134	361938944	1426653184
flopp	4	3	10	99.89	0.11	0	97.72	1	4	4	5.418992238119245	211279872	1284825088
flopp	4	3	15	99.91	0.09	0	97.91	1	4	4	8.647214869968593	324407296	1385078784
flopp	4	3	20	99.93	0.07	0	97.95	1	4	4	11.869676469825208	455073792	1507545088
flopp	5	3	10	99.89	0.11	0	97.66	1	5	5	6.505146238021553	252424192	1321734144
flopp	5	3	15	99.92	0.08	0	97.67	1	5	5	10.786411327309906	377323520	1430831104
flopp	5	3	20	99.93	0.07	0	97.73	1	5	5	17.23615682590753	596336640	1638948864
flopp	6	3	10	99.9	0.1	0	98.04	1	6	6	7.531772183254361	270135296	1334947840
flopp	6	3	15	99.94	0.06	0	97.81	1	6	6	15.06070998031646	465772544	1517195264
flopp	6	3	20	99.95	0.05	0	97.69	1	6	6	20.405569601804018	652603392	1684631552
flopp	7	3	10	99.07	0.93	0	96.56	1	7	7	9.692759246565402	352493568	1412157440
flopp	7	3	15	99.93	0.07	0	97.8	1	7	7	17.238816834054887	520900608	1565409280
flopp	7	3	20	99.94	0.06	0	98.02	1	7	7	27.03494191914797	706482176	1737973760
flopp	8	3	10	99.92	0.08	0	97.8	1	8	8	19.505234436132014	294100992	1352040448
flopp	8	3	15	99.94	0.06	0	97.97	1	8	8	30.320180105045438	561512448	1599975424
flopp	8	3	20	99.95	0.05	0	97.84	1	8	8	47.550027129240334	767836160	1789710336
flopp	9	3	10	99.89	0.11	0	97.46	1	9	9	95.83936301711947	454209536	1497911296
flopp	9	3	15	99.94	0.06	0	97.9	1	9	9	148.98265407048166	618049536	1645916160
flopp	9	3	20	99.95	0.05	0	98.15	1	9	9	218.0272883856669	831627264	1846267904
flopp	10	3	10	99.89	0.11	0	97.45	1	10	10	955.7426982857287	859303936	1953947648
flopp	10	3	15	99.94	0.06	0	97.99	1	10	10	1458.5253976853564	1074151424	2148155392
flopp	10	3	20	99.95	0.05	0	97.92	1	10	10	2111.9139511901885	1290391552	2356842496
flopp	11	3	10	99.89	0.11	0	97.91	1	11	11	11647.756984096952	5354606592	6824038400
flopp	11	3	15	99.93	0.07	0	97.88	1	11	11	18187.405324459076	5577601024	7030140928
flopp	11	3	20	99.94	0.06	0	98.14	1	11	11	25979.78852787707	5816901632	7256608768
flopp	12	3	10	99.88	0.12	0	97.88	1	12	12	164430.8915292481	68321460224	74201509888
flopp	12	3	15	99.93	0.07	0	97.91	1	12	12	244721.03594187833	68518719488	74427629568
flopp	12	3	20	99.94	0.06	0	97.98	1	12	12	355006.6687393207	69132185600	74756337664
whatshap polyphase	3	1	10	99.88	0	0.12	99.95	1	3	3	15.057959351688623	1941393408	77064568832
whatshap polyphase	3	1	15	99.9	0	0.1	99.97	1	3	3	27.874827177263796	2521309184	77632790528
whatshap polyphase	3	1	20	99.97	0	0.03	99.96	1	3	3	42.7856161436066	3078721536	78170550272
whatshap polyphase	4	1	10	99.86	0	0.14	99.88	1	4	4	20.372364323586226	2100764672	77215907840
whatshap polyphase	4	1	15	99.9	0	0.1	99.93	1	4	4	43.56862931419164	2807492608	77904220160
whatshap polyphase	4	1	20	99.98	0	0.02	99.97	1	4	4	61.36938218213618	3592146944	78675492864
whatshap polyphase	5	1	10	99.78	0	0.22	99.94	1	5	5	25.900201962329447	2248847360	77363884032
whatshap polyphase	5	1	15	99.83	0.04	0.14	99.93	1	5	5	51.89766189455986	3071696896	78168870912
whatshap polyphase	5	1	20	99.93	0	0.07	99.96	1	5	5	94.12591468077153	4046180352	79184863232
whatshap polyphase	6	1	10	91.66	8.17	0.16	84.43	1	6	6	36.12418111413717	2346033152	77463834624
whatshap polyphase	6	1	15	99.89	0.01	0.11	99.95	1	6	6	74.51362741738558	3278831616	78367883264
whatshap polyphase	6	1	20	99.94	0	0.06	99.92	1	6	6	131.88336189463735	4405911552	79545589760
whatshap polyphase	7	1	10	93.99	5.74	0.26	88.37	3	21	7	51.929150857031345	2570309632	77672259584
whatshap polyphase	7	1	15	99.93	0	0.07	99.92	1	7	7	98.20411753747612	3602341888	78681362432
whatshap polyphase	7	1	20	99.93	0	0.07	99.9	1	7	7	187.38029445614666	4926173184	80047620096
whatshap polyphase	8	1	10	94.54	5.21	0.26	89.23	1	8	8	93.57141340523958	2874744832	77975248896
whatshap polyphase	8	1	15	99.83	0.06	0.1	99.88	1	8	8	158.51440321281552	3974868992	79123845120
whatshap polyphase	8	1	20	99.95	0	0.05	99.91	1	8	8	275.4647557931021	5477298176	80597688320
whatshap polyphase	9	1	10	96.22	3.55	0.24	92.46	3	27	9	260.99550012126565	3628359680	78718414848
whatshap polyphase	9	1	15	96.73	3.16	0.12	92.62	1	9	9	314.0388973997906	4539203584	79672143872
whatshap polyphase	9	1	20	95.62	4.3	0.08	89.59	1	9	9	526.1016641547903	6156091392	81264721920
whatshap polyphase	10	1	10	78.56	12.1	9.34	70.89	1	10	10	1037.5243926653638	5116407808	80192958464
whatshap polyphase	10	1	15	93.48	6.34	0.18	85.4	2	20	10	888.9356285501271	5369696256	80486920192
whatshap polyphase	10	1	20	97.34	2.59	0.07	94.17	1	10	10	1178.3372588446364	6795874304	81881477120
whatshap polyphase	11	1	10	82.63	9.71	7.67	77.46	4	44	11	3707.785802804865	11432214528	86510321664
whatshap polyphase	11	1	15	90.8	9.06	0.14	80.09	1	11	11	2958.5492112105712	5746896896	80848994304
whatshap polyphase	11	1	20	95.9	4.05	0.05	90.51	1	11	11	3566.8424242082983	12005789696	87150002176
whatshap polyphase	12	1	10	87.33	8.39	4.28	80.39	5	60	12	30106.87091889046	14111973376	89187622912
whatshap polyphase	12	1	15	85.76	7.29	6.95	82.31	3	36	12	12404.85151518695	79931650048	155442073600
whatshap polyphase	12	1	20	77.73	10.88	11.39	70.19	3	36	12	13959.438699223101	81191157760	156725518336
nPhase	3	1	10	99.78	0.22	0	99.66	4.7	14	3	233.7602403583005	26009026560	67287699456
nPhase	3	1	15	99.92	0.07	0.01	99.73	1	3	3	772.8078833911568	46060806144	86733828096
nPhase	3	1	20	99.93	0.07	0	99.73	1	3	3	1099.220439654775	65776812032	106718420992
nPhase	4	1	10	99.57	0.42	0	98.92	4.5	18	4	289.16605360247195	32784252928	73760063488
nPhase	4	1	15	99.92	0.08	0	99.24	1.3	5	4	1004.9545030435547	59065745408	99729874944
nPhase	4	1	20	99.94	0.06	0	99.36	1	4	4	1618.3531831987202	86849966080	127177695232
nPhase	5	1	10	99.65	0.34	0.02	98.63	3.8	19	5	407.22975449543446	39534612480	80251158528
nPhase	5	1	15	99.67	0.32	0.01	98.58	1.8	9	5	1008.622217785567	70580649984	111070699520
nPhase	5	1	20	99.72	0.28	0	98.56	1.4	7	5	2019.1778174480423	104693551104	145330618368
nPhase	6	1	10	99.34	0.65	0.01	97.9	6.8	41	6	509.18731887079775	43560464384	84486733824
nPhase	6	1	15	99.7	0.3	0	97.84	2	12	6	1244.41574283503	78275870720	118925328384
nPhase	6	1	20	99.91	0.09	0	97.81	1	6	6	2672.6735772900283	120856195072	160941555712
nPhase	7	1	10	96.72	1.86	1.42	95.91	4.1	29	7	632.0914993751794	51793629184	92701290496
nPhase	7	1	15	98.41	1.26	0.33	96.21	2.4	17	7	1342.3848302150145	91444715520	131595427840
nPhase	7	1	20	99.83	0.16	0	96.9	1.1	8	7	3142.894143308513	139437068288	179323985920
nPhase	8	1	10	96.49	2.34	1.16	94.89	4	32	8	797.0209582736716	59522531328	100269174784
nPhase	8	1	15	93.5	2.6	3.91	91.97	1.8	14	8	1916.2894758041948	105453973504	145506926592
nPhase	8	1	20	95.23	2.25	2.52	93.49	1.9	15	8	3378.1179383117706	160302641152	200153632768
nPhase	9	1	10	97.98	1.4	0.61	96.08	3.4	31	9	969.8478874079883	73423138816	113966358528
nPhase	9	1	15	99.45	0.55	0	96.01	1.8	16	9	3002.4034177148715	125825220608	165798526976
nPhase	9	1	20	96.41	1.69	1.9	93.66	1.4	13	9	4875.214786843397	188979195904	229090881536
nPhase	10	1	10	93.28	3.64	3.08	90.81	4	40	10	1266.9496082141995	84181667840	124658339840
nPhase	10	1	15	98.74	1.25	0	95.55	2.3	23	10	2964.1373149575666	142834122752	182666321920
nPhase	10	1	20	99.5	0.5	0	95.4	1.3	13	10	5512.398658717051	212228071424	253539266560
nPhase	11	1	10	95.7	2.44	1.86	93.16	3.5	38	11	1764.6961269350722	91083436032	131499126784
nPhase	11	1	15	96.85	2.3	0.85	93.53	2.7	30	11	3819.84723273851	159388516352	199588638720
nPhase	11	1	20	98.98	1.02	0	95.01	1.5	17	11	7902.597140608355	234687660032	275999870976
nPhase	12	1	10	94.8	3.24	1.96	91.95	4	48	12	2376.0016316734254	99895631872	140274987008
nPhase	12	1	15	94.65	3.15	2.21	91.32	2.3	28	12	5396.043080321513	174008999936	214604779520
nPhase	12	1	20	98.51	1.49	0	93.86	1.9	23	12	11485.510227015242	261132587008	302421245952
nTChap	3	1	10	99.9	0.08	0.01	99.89	4.3	13	3	300.97615407407284	12271394816	90846273536
nTChap	3	1	15	99.94	0.05	0.01	99.94	1.3	4	3	578.8958726488054	19309395968	97825681408
nTChap	3	1	20	99.94	0.05	0	99.93	1	3	3	1051.0815839022398	26032631808	104480452608
nTChap	4	1	10	99.89	0.1	0.01	99.79	3.8	15	4	521.2432257663459	15149998080	93694443520
nTChap	4	1	15	99.94	0.06	0	99.73	1	4	4	1101.3097312515602	24351977472	102814367744
nTChap	4	1	20	99.95	0.05	0	99.77	1	4	4	2087.824512423016	33367158784	111763816448
nTChap	5	1	10	99.86	0.11	0.02	99.58	4.4	22	5	823.5937856817618	17834409984	96339066880
nTChap	5	1	15	99.93	0.06	0.01	99.6	1.4	7	5	1686.1889762245119	28700061696	107118911488
nTChap	5	1	20	99.95	0.05	0	99.63	1	5	5	3086.373510965146	40429547520	118747181056
nTChap	6	1	10	99.88	0.11	0.01	99.41	4.8	29	6	1181.8755671456456	20018917376	98484023296
nTChap	6	1	15	99.94	0.06	0	99.27	1.2	7	6	2243.119404029101	32054542336	110395428864
nTChap	6	1	20	99.96	0.04	0	99.38	1	6	6	4624.753896979615	45887057920	124141477888
nTChap	7	1	10	99.87	0.12	0.02	99.15	3	21	7	1515.6369107021019	22931681280	101367963648
nTChap	7	1	15	99.94	0.06	0	99.19	1.3	9	7	3103.57951223664	36632776704	114946424832
nTChap	7	1	20	99.95	0.04	0.01	99.15	1	7	7	7187.078559214249	51345428480	130097025024
nTChap	8	1	10	99.83	0.13	0.04	98.98	3.9	31	8	2098.1376619273797	25814671360	104215547904
nTChap	8	1	15	99.95	0.04	0.01	98.91	1.1	9	8	4480.649748783559	41181335552	119444992000
nTChap	8	1	20	99.97	0.03	0	98.92	1	8	8	8258.010150299408	57014759424	135143464960
nTChap	9	1	10	99.78	0.12	0.09	98.91	4.1	37	9	2895.6607546573505	29989756928	108742434816
nTChap	9	1	15	99.96	0.04	0	98.92	1.2	11	9	6164.580864056945	47532130304	125740539904
nTChap	9	1	20	99.97	0.03	0	98.88	1	9	9	12127.32892374415	64167886848	142914113536
nTChap	10	1	10	99.86	0.09	0.04	98.58	3.2	32	10	3831.085537655279	33978417152	112308817920
nTChap	10	1	15	99.94	0.05	0	98.68	1.1	11	10	7920.359290804714	52668846080	130812694528
nTChap	10	1	20	99.96	0.04	0	98.62	1	10	10	15507.90926751867	70446465024	149156311040
nTChap	11	1	10	99.9	0.09	0.02	98.5	2.7	30	11	4407.694706584327	36813291520	115108679680
nTChap	11	1	15	99.95	0.04	0	98.55	1	11	11	9463.099613223225	57271353344	135343730688
nTChap	11	1	20	99.96	0.04	0	98.54	1	11	11	17333.145933236927	76201226240	154940997632
nTChap	12	1	10	99.84	0.11	0.04	98.24	3.1	37	12	5151.309391735122	39446085632	117700861952
nTChap	12	1	15	99.95	0.05	0	98.32	1.3	16	12	11347.54910591431	60817199104	139550179328
nTChap	12	1	20	99.96	0.03	0	98.27	1	12	12	22442.570554991253	82387189760	161124732928
flopp	3	1	10	99.93	0.07	0	98.38	1	3	3	2.128358700312674	43220992	1155661824
flopp	3	1	15	99.94	0.06	0	97.82	1	3	3	3.1914629815146327	79527936	1193426944
flopp	3	1	20	99.95	0.05	0	98.96	1	3	3	5.428541315719485	129720320	1225195520
flopp	4	1	10	99.92	0.08	0	97.99	1	4	4	3.2924548694863915	60616704	1172537344
flopp	4	1	15	99.95	0.05	0	98.16	1	4	4	5.408541309647262	130932736	1223331840
flopp	4	1	20	99.95	0.05	0	97.97	1	4	4	6.490381471812725	162136064	1256878080
flopp	5	1	10	99.9	0.1	0	97.46	1	5	5	4.312483764253557	92741632	1188790272
flopp	5	1	15	99.74	0.26	0	97.02	1	5	5	6.44863820169121	139288576	1231634432
flopp	5	1	20	99.95	0.05	0	97.77	1	5	5	9.726174124516547	205320192	1293631488
flopp	6	1	10	94.1	5.9	0	86.15	1	6	6	4.312920897267759	90279936	1191587840
flopp	6	1	15	99.95	0.05	0	97.38	1	6	6	7.541541417129338	151572480	1246343168
flopp	6	1	20	99.96	0.04	0	97.36	1	6	6	11.899586752988398	238305280	1319563264
flopp	7	1	10	99.9	0.1	0	97.07	1	7	7	6.565831617452204	115159040	1206484992
flopp	7	1	15	99.95	0.05	0	96.78	1	7	7	9.84968120791018	170782720	1261191168
flopp	7	1	20	99.95	0.05	0	97.24	1	7	7	16.43949226848781	262537216	1337876480
flopp	8	1	10	99.88	0.12	0	96.66	1	8	8	15.191631216555834	129015808	1217839104
flopp	8	1	15	99.96	0.04	0	96.83	1	8	8	23.72821417916566	217538560	1298296832
flopp	8	1	20	99.97	0.03	0	97.08	1	8	8	35.66064922418445	283389952	1353478144
flopp	9	1	10	97.18	2.82	0	90.99	1	9	9	89.25404634419829	169074688	1261379584
flopp	9	1	15	99.96	0.04	0	96.73	1	9	9	133.320422841236	239820800	1322909696
flopp	9	1	20	99.97	0.03	0	97.11	1	9	9	205.48222868330777	350732288	1410572288
flopp	10	1	10	99.91	0.09	0	96.81	1	10	10	966.5830559087917	609525760	1750437888
flopp	10	1	15	99.96	0.04	0	96.72	1	10	10	1449.0760642839596	687190016	1815494656
flopp	10	1	20	99.96	0.04	0	96.76	1	10	10	2031.9493894139305	788676608	1889775616
flopp	11	1	10	99.92	0.08	0	96.32	1	11	11	11546.948458758183	5081243648	6615318528
flopp	11	1	15	99.96	0.04	0	96.6	1	11	11	17899.188969029114	5224464384	6813700096
flopp	11	1	20	99.96	0.04	0	96.67	1	11	11	25163.14074540697	5278511104	6752550912
flopp	12	1	10	96.32	3.68	0	88.11	1	12	12	169013.69163635932	68346646528	73966022656
flopp	12	1	15	99.97	0.03	0	96.35	1	12	12	241463.29069886822	67762507776	74163060736
flopp	12	1	20	99.97	0.03	0	96.5	1	12	12	349139.7105417382	68124684288	74127765504
whatshap polyphase	3	0.3	10	81.67	18.27	0.06	74.95	1	3	3	6.435363817960024	1272471552	76408733696
whatshap polyphase	3	0.3	15	99.98	0	0.02	99.91	1	3	3	10.793174067512155	1502208000	76630147072
whatshap polyphase	3	0.3	20	99.95	0	0.05	99.92	1	3	3	17.234666029922664	1728462848	76853739520
whatshap polyphase	4	0.3	10	92.96	6.95	0.09	86.05	1	4	4	8.543536357581615	1352523776	76489121792
whatshap polyphase	4	0.3	15	99.96	0	0.04	99.83	1	4	4	19.259417408145964	1666547712	76799508480
whatshap polyphase	4	0.3	20	99.89	0.06	0.05	99.79	1	4	4	28.858660805039108	1986129920	77115559936
whatshap polyphase	5	0.3	10	99.81	0.01	0.18	99.79	1	5	5	10.774751315824687	1453670400	76585000960
whatshap polyphase	5	0.3	15	99.94	0	0.06	99.86	1	5	5	23.637859681621194	1816817664	76942274560
whatshap polyphase	5	0.3	20	99.95	0	0.05	99.77	1	5	5	50.2110470244661	2223583232	77343506432
whatshap polyphase	6	0.3	10	96.3	3.56	0.14	92.71	1	6	6	17.197950762696564	1548369920	76680351744
whatshap polyphase	6	0.3	15	89.71	10.25	0.04	79.64	1	6	6	34.40159597899765	1962536960	77093523456
whatshap polyphase	6	0.3	20	99.89	0.01	0.11	99.79	1	6	6	71.78096787631512	2472169472	77608890368
whatshap polyphase	7	0.3	10	96.02	3.83	0.14	92.06	4	28	7	25.825340727344155	1662316544	76795547648
whatshap polyphase	7	0.3	15	97.04	2.91	0.04	93.64	1	7	7	48.3161668907851	2139844608	77265920000
whatshap polyphase	7	0.3	20	99.96	0.03	0.02	99.81	1	7	7	94.36266155168414	2791391232	77917691904
whatshap polyphase	8	0.3	10	71.42	17.69	10.89	58.74	2	16	8	37.47267985716462	1697079296	76829274112
whatshap polyphase	8	0.3	15	99.8	0.04	0.16	99.68	1	8	8	81.18974760267884	2273845248	77408817152
whatshap polyphase	8	0.3	20	99.86	0.06	0.08	99.68	1	8	8	136.18165421951562	2992828416	78113120256
whatshap polyphase	9	0.3	10	82.86	9.22	7.92	78.5	8	72	9	103.87909229379147	1921421312	77039902720
whatshap polyphase	9	0.3	15	96.08	3.77	0.15	91.59	3	27	9	132.49855769332498	2569097216	77697982464
whatshap polyphase	9	0.3	20	99.84	0.03	0.12	99.73	3	27	9	226.0408631162718	3426447360	78550249472
whatshap polyphase	10	0.3	10	87.01	11.89	1.1	73.83	6	60	10	374.2945930939168	2780225536	77900070912
whatshap polyphase	10	0.3	15	96.01	3.91	0.08	90.86	1	10	10	323.3721231119707	3228102656	78346256384
whatshap polyphase	10	0.3	20	94.71	5.16	0.13	88	1	10	10	459.18342821951956	3847446528	78964117504
whatshap polyphase	11	0.3	10	91.58	6.2	2.22	85.9	9	99	11	1511.3824211256579	3286659072	78409342976
whatshap polyphase	11	0.3	15	89.67	10.22	0.11	77.26	2	22	11	1062.510328836739	3367292928	78477488128
whatshap polyphase	11	0.3	20	84.78	7.93	7.28	80.51	3	33	11	1194.8049883106723	4168482816	79284989952
whatshap polyphase	12	0.3	10	90.53	4.56	4.91	89.42	15	180	12	17715.31009792071	77826560000	153390632960
whatshap polyphase	12	0.3	15	88.57	6	5.43	84.94	5	60	12	4703.473766604438	76991021056	152512503808
whatshap polyphase	12	0.3	20	84.84	7.38	7.78	80.39	2	24	12	5049.1069665895775	77739966464	153254432768
nPhase	3	0.3	10	95.53	2.75	1.72	96.75	5.3	16	3	101.93202909920365	10934702080	52140650496
nPhase	3	0.3	15	99.75	0.25	0	98.94	2.7	8	3	192.18909420911223	17773318144	58869608448
nPhase	3	0.3	20	99.95	0.04	0.01	99.14	1.3	4	3	329.4117737505585	24696418304	65840746496
nPhase	4	0.3	10	94.06	4.17	1.77	94.08	5.8	23	4	142.1867066277191	13495836672	54846550016
nPhase	4	0.3	15	94.53	3.18	2.29	94.49	3	12	4	278.9581650765613	22947930112	63957757952
nPhase	4	0.3	20	96.07	2.29	1.64	94.94	2	8	4	478.53606852609664	33333125120	74358480896
nPhase	5	0.3	10	89.29	6.99	3.72	89.09	7	35	5	202.4994328999892	16695140352	57857159168
nPhase	5	0.3	15	96.1	3.74	0.17	94.41	5	25	5	380.03593808598816	28438585344	69371924480
nPhase	5	0.3	20	94.91	4.59	0.5	93.42	4.6	23	5	674.714944999665	41613824000	82588008448
nPhase	6	0.3	10	88.39	7.58	4.03	88.03	8	48	6	240.4854092905298	19486732288	60635754496
nPhase	6	0.3	15	92.61	6.26	1.13	91.56	4.8	29	6	500.6750420546159	33610346496	74535903232
nPhase	6	0.3	20	93.44	5.79	0.77	90.8	3.5	21	6	843.0411376031116	50602344448	91434405888
nPhase	7	0.3	10	90.2	8.29	1.51	88.99	9	63	7	301.33748850785196	23041204224	64049254400
nPhase	7	0.3	15	89.99	7.69	2.32	88.05	4.9	34	7	667.5341273024678	39420116992	80373501952
nPhase	7	0.3	20	84.93	10.95	4.13	81.2	4.3	30	7	1322.9791949540377	60467257344	100746223616
nPhase	8	0.3	10	86.11	10.84	3.04	82.33	10.1	81	8	360.28421826288104	25161965568	66212720640
nPhase	8	0.3	15	85.3	10.89	3.8	81.13	6.6	53	8	788.4523681011051	43969601536	84755722240
nPhase	8	0.3	20	86.3	11.8	1.9	80.37	4.6	37	8	1514.6908682398498	67751366656	107963998208
nPhase	9	0.3	10	89.19	8.97	1.85	84.95	11.2	101	9	513.8325506011024	31310893056	72309837824
nPhase	9	0.3	15	88.63	9.43	1.94	83.93	5.3	48	9	1044.166748915799	53907750912	94551273472
nPhase	9	0.3	20	89.78	9.36	0.85	86.17	4.2	38	9	2119.652083495632	81374154752	122503299072
nPhase	10	0.3	10	87.29	10.19	2.53	82.26	12.5	125	10	618.241393587552	36523712512	77393461248
nPhase	10	0.3	15	84.72	13.12	2.16	78.7	6.6	66	10	1395.8101581549272	63711236096	103830712320
nPhase	10	0.3	20	84.46	13.48	2.06	78.38	5.1	51	10	2221.4274026043713	97595744256	138246955008
nPhase	11	0.3	10	84.92	11.32	3.76	78.13	12.6	139	11	622.8281008210033	39124701184	80009326592
nPhase	11	0.3	15	82.27	15.41	2.32	73.59	7.5	83	11	1354.829952285625	68357070848	108315361280
nPhase	11	0.3	20	83.29	14.48	2.23	74.76	5.8	64	11	2669.1699805120006	107018010624	147979489280
nPhase	12	0.3	10	84	12.34	3.66	76.77	14.8	177	12	733.544846910052	42608095232	83348877312
nPhase	12	0.3	15	84.22	11.58	4.19	77.62	11.3	136	12	1647.2084307530895	74073071616	115314003968
nPhase	12	0.3	20	81.29	16.14	2.58	68.64	5.3	64	12	2918.2169951777905	120340074496	161076015104
nTChap	3	0.3	10	99.8	0.2	0	99.66	21.7	65	3	126.7741990191862	7572819968	86187896832
nTChap	3	0.3	15	99.94	0.06	0	99.77	10	30	3	219.22185410466045	10962464768	89536069632
nTChap	3	0.3	20	99.98	0.02	0.01	99.8	3.7	11	3	382.8308152919635	14315569152	92816310272
nTChap	4	0.3	10	99.62	0.33	0.05	99.04	23.8	95	4	221.80266812164336	9262780416	87849660416
nTChap	4	0.3	15	99.9	0.1	0	99.09	9.8	39	4	436.8565307892859	13791891456	92240957440
nTChap	4	0.3	20	99.94	0.06	0	99.16	4.8	19	4	803.4944529468194	17868111872	96619847680
nTChap	5	0.3	10	99.52	0.38	0.1	98.09	23	115	5	342.31006343010813	10786082816	89539428352
nTChap	5	0.3	15	99.88	0.12	0	98.37	11	55	5	681.1700702086091	16378658816	94827757568
nTChap	5	0.3	20	99.94	0.06	0	98.24	4.6	23	5	1283.4954066956416	22310789120	100323037184
nTChap	6	0.3	10	99.64	0.35	0.01	97.81	22.5	135	6	451.89747100230306	12618432512	91129876480
nTChap	6	0.3	15	99.84	0.16	0	97.77	12.8	77	6	998.9803023803979	19068125184	97350967296
nTChap	6	0.3	20	99.9	0.09	0.01	97.43	4.8	29	6	1921.0732274884358	25206779904	103975157760
nTChap	7	0.3	10	99.52	0.39	0.09	97.12	23.7	166	7	679.3250312581658	14459121664	92905988096
nTChap	7	0.3	15	99.79	0.2	0.01	97.14	11.6	81	7	1433.9939893428236	22034153472	99875966976
nTChap	7	0.3	20	99.74	0.25	0	96.68	6.4	45	7	2682.47626799345	28749725696	107501764608
nTChap	8	0.3	10	99.09	0.7	0.21	94.95	26.1	209	8	854.6928096339107	15750180864	94193266688
nTChap	8	0.3	15	99.78	0.21	0.01	95.65	13.6	109	8	1827.9111560592428	24169185280	102022479872
nTChap	8	0.3	20	99.92	0.08	0	95.73	7	56	8	3626.1762673677877	32556249088	110404444160
nTChap	9	0.3	10	99.38	0.49	0.12	95.17	24.2	218	9	1112.6683709602803	18146193408	96564379648
nTChap	9	0.3	15	98.53	0.59	0.88	95.04	11	99	9	2499.342986142263	27517005824	105463394304
nTChap	9	0.3	20	99.91	0.09	0.01	95.65	5.4	49	9	5602.4656819412485	36083400704	114775474176
nTChap	10	0.3	10	98.5	0.84	0.66	94.15	22.8	228	10	1562.7644654829055	20304400384	98683695104
nTChap	10	0.3	15	99.32	0.39	0.29	94.71	8.4	84	10	3440.7706380076706	30723903488	108640747520
nTChap	10	0.3	20	99.9	0.09	0	95.1	6.9	69	10	6938.673423760571	39679148032	118413713408
nTChap	11	0.3	10	98.62	0.82	0.56	93.64	27.7	305	11	2173.9342359639704	21993103360	100074590208
nTChap	11	0.3	15	99.26	0.45	0.3	93.62	14.5	160	11	4049.6028765486553	32758595584	110681870336
nTChap	11	0.3	20	99.84	0.15	0.01	94.3	9.1	100	11	7784.184282411821	42630119424	121309921280
nTChap	12	0.3	10	98.93	0.7	0.36	92.72	23.4	281	12	2244.385068813339	23839199232	101704642560
nTChap	12	0.3	15	99.57	0.29	0.13	93.35	14.1	169	12	5452.923601791263	34592292864	113270071296
nTChap	12	0.3	20	99.9	0.1	0	93.12	6.6	79	12	10475.700014498085	46264090624	124857192448
flopp	3	0.3	10	89.04	10.96	0	81.6	1	3	3	2.1428438825532794	22700032	1135452160
flopp	3	0.3	15	99.98	0.02	0	98.43	1	3	3	3.2133158817887306	36081664	1149526016
flopp	3	0.3	20	99.98	0.02	0	98.22	1	3	3	4.297404346987605	56262656	1159950336
flopp	4	0.3	10	99.92	0.08	0	96.83	1	4	4	3.2059878231957555	23355392	1136349184
flopp	4	0.3	15	99.97	0.03	0	97.25	1	4	4	4.289028372615576	53641216	1157419008
flopp	4	0.3	20	99.96	0.04	0	97.31	1	4	4	5.374702233821154	69230592	1170448384
flopp	5	0.3	10	96.47	3.53	0	88.44	1	5	5	3.2707264265045524	34402304	1147928576
flopp	5	0.3	15	93.51	6.49	0	82.8	1	5	5	5.401844981126487	62447616	1163120640
flopp	5	0.3	20	99.96	0.04	0	95.67	1	5	5	6.461234362795949	84328448	1189134336
flopp	6	0.3	10	92.2	7.8	0	80.27	1	6	6	4.312680239789188	47718400	1152307200
flopp	6	0.3	15	99.94	0.06	0	94.46	1	6	6	6.4666835917159915	78307328	1177726976
flopp	6	0.3	20	99.93	0.07	0	94.73	1	6	6	8.61923947930336	110690304	1198034944
flopp	7	0.3	10	88.96	11.04	0	72.94	1	7	7	5.401302169077098	54431744	1158103040
flopp	7	0.3	15	90.2	9.8	0	73.96	1	7	7	8.57920749951154	90537984	1185476608
flopp	7	0.3	20	99.96	0.04	0	93.88	1	7	7	11.796096020378172	129343488	1209303040
flopp	8	0.3	10	80.02	19.98	0	53.59	1	8	8	12.900512372143567	61100032	1160568832
flopp	8	0.3	15	96.41	3.59	0	84.14	1	8	8	19.424023107625544	101965824	1190178816
flopp	8	0.3	20	99.96	0.04	0	92.08	1	8	8	28.943209240213037	146571264	1214873600
flopp	9	0.3	10	65.26	24.74	10	37.36	1	9	9	85.86059609428048	97128448	1195229184
flopp	9	0.3	15	95.39	4.61	0	83.25	1	9	9	129.4239967353642	135897088	1219469312
flopp	9	0.3	20	95.87	4.13	0	83.67	1	9	9	188.3668779898435	194285568	1259962368
flopp	10	0.3	10	72.41	18.5	9.09	50.51	1	10	10	940.6672712834552	529354752	1678954496
flopp	10	0.3	15	91.87	8.13	0	75.2	1	10	10	1425.859736696817	571064320	1700274176
flopp	10	0.3	20	99.97	0.03	0	91.59	1	10	10	2024.0323169901967	625582080	1727344640
flopp	11	0.3	10	52.59	20.74	26.67	33.98	1	11	11	11802.447247046977	4997591040	6525767680
flopp	11	0.3	15	76.56	15.11	8.33	56.28	1	11	11	17960.087973988615	5046317056	6547582976
flopp	11	0.3	20	99.95	0.05	0	90.21	1	11	11	25047.642962699756	5103656960	6576050176
flopp	12	0.3	10	64.59	21.13	14.29	39.41	1	12	12	161011.57109107636	68276969472	74022150144
flopp	12	0.3	15	88.57	11.43	0	65.23	1	12	12	261800.49826019723	68549976064	73911689216
flopp	12	0.3	20	99.48	0.52	0	0	1	12	12	355165.1560713472	68023517184	73936097280
whatshap polyphase	3	0.1	10	92.8	6.94	0.26	87.51	6	18	3	3.2103390218690038	101548032	5496369152
whatshap polyphase	3	0.1	15	91.5	8.4	0.1	87.62	1	3	3	6.439130328595638	1193615360	76332449792
whatshap polyphase	3	0.1	20	99.91	0	0.09	99.8	2	6	3	8.649866664782166	1319854080	76460539904
whatshap polyphase	4	0.1	10	91.59	8.2	0.21	85.63	10	40	4	4.316089227795601	1169518592	76310118400
whatshap polyphase	4	0.1	15	91.59	8.41	0	85.17	2	8	4	8.612636623904109	1334476800	76471808000
whatshap polyphase	4	0.1	20	100	0	0	99.74	1	4	4	14.974617574363947	1490681856	76631851008
whatshap polyphase	5	0.1	10	95.48	4.24	0.28	91.25	18	90	5	6.415867500007153	1218383872	76357976064
whatshap polyphase	5	0.1	15	94.92	4.97	0.11	89.14	5	25	5	11.75569461658597	1395580928	76536705024
whatshap polyphase	5	0.1	20	96.86	3.11	0.03	93.43	6	30	5	23.533856206573546	1644646400	76790554624
whatshap polyphase	6	0.1	10	93.83	5.29	0.89	88.7	33	198	6	8.552828050218523	1285517312	76429524992
whatshap polyphase	6	0.1	15	87.17	8.33	4.49	81.07	8	48	6	17.112396251410246	1521795072	76658319360
whatshap polyphase	6	0.1	20	97.34	2.49	0.17	94.16	7	42	6	34.26741884276271	1812660224	76950519808
whatshap polyphase	7	0.1	10	94.2	4.19	1.6	90.45	36	252	7	13.90406802110374	1349459968	76497346560
whatshap polyphase	7	0.1	15	92.83	6.93	0.24	85.12	18	126	7	25.722640459425747	1631911936	76776910848
whatshap polyphase	7	0.1	20	96.02	3.75	0.23	90.31	7	49	7	50.487733473069966	1991397376	77144657920
whatshap polyphase	8	0.1	10	93.14	3	3.86	92.95	63	504	8	28.810111487284303	1406464000	76546285568
whatshap polyphase	8	0.1	15	88.04	8.13	3.83	80.14	23	184	8	39.488239262253046	1773056000	76911390720
whatshap polyphase	8	0.1	20	91.97	6.04	1.99	85.16	16	128	8	75.06259730923921	2225844224	77372551168
whatshap polyphase	9	0.1	10	92.49	3.07	4.44	91.95	63	567	9	261.7482010265812	1487912960	76623577088
whatshap polyphase	9	0.1	15	94.37	4.12	1.51	90.42	42	378	9	89.22494727931917	1906237440	77059309568
whatshap polyphase	9	0.1	20	95.63	3.9	0.47	89.87	27	243	9	129.30639418866485	2430545920	77574144000
whatshap polyphase	10	0.1	10	89.74	3.97	6.3	90.07	83	830	10	1184.24187985342	2078113792	77212295168
whatshap polyphase	10	0.1	15	92.23	4.57	3.2	88.54	35	350	10	267.27280075196177	2057560064	77202755584
whatshap polyphase	10	0.1	20	89.42	6.91	3.67	81.34	23	230	10	300.42171997670084	2973200384	78101966848
whatshap polyphase	11	0.1	10	85.18	3.84	10.99	87.63	120	1320	11	17199.900714583695	3019702272	78158024704
whatshap polyphase	11	0.1	15	91.85	3.43	4.72	90.34	68	748	11	1562.1537292255089	2722533376	77845372928
whatshap polyphase	11	0.1	20	92.94	3.11	3.95	91.64	58	638	11	1237.2247818382457	3225870336	78357340160
whatshap polyphase	12	0.1	10	86.96	3.35	9.7	89.94	129	1548	12	114329.92449189909	130862063616	206154207232
whatshap polyphase	12	0.1	15	91.91	2.71	5.37	92.3	84	1008	12	17322.576307243668	128765620224	204038782976
whatshap polyphase	12	0.1	20	93.18	3.26	3.57	90.39	55	660	12	3614.6206494793296	8357138432	83526250496
nPhase	3	0.1	10	95.42	3.31	1.27	97.62	44.3	133	3	112.99206242896616	6498947072	47644581888
nPhase	3	0.1	15	97.3	2.62	0.07	98.35	13	39	3	144.5668483003974	9486053376	50834563072
nPhase	3	0.1	20	98.54	1.37	0.09	98.1	4	12	3	231.00382316671312	13038432256	54062075904
nPhase	4	0.1	10	89.44	6.49	4.07	90.89	19.8	79	4	120.28322544973344	7838556160	49092833280
nPhase	4	0.1	15	86.07	8.56	5.38	85.13	8.8	35	4	212.89782414212823	12425379840	53469089792
nPhase	4	0.1	20	92.6	7.13	0.27	93.8	7.5	30	4	356.69093164708465	17331773440	58306772992
nPhase	5	0.1	10	79.59	11.32	9.08	79.88	17.8	89	5	162.4535412369296	9625976832	50626293760
nPhase	5	0.1	15	90.14	7.88	1.98	89.69	11.6	58	5	406.4989199452102	14853763072	55793893376
nPhase	5	0.1	20	86.58	10.68	2.73	84.08	11.2	56	5	480.72472341079265	21484568576	62445002752
nPhase	6	0.1	10	79.49	10.39	10.12	80.98	21	126	6	189.3299501715228	10916990976	51991289856
nPhase	6	0.1	15	85.39	11.24	3.37	81.13	13	78	6	446.08033885620534	17388408832	58381418496
nPhase	6	0.1	20	86.45	9.91	3.65	83.35	8.5	51	6	1440.8577519031242	25474158592	66366050304
nPhase	7	0.1	10	79.68	10.69	9.63	75.33	21	147	7	351.94005249161273	12847439872	53848375296
nPhase	7	0.1	15	80.39	12.72	6.89	75.93	13	91	7	501.44327217526734	20449824768	61314945024
nPhase	7	0.1	20	82.03	13.76	4.2	74.93	11	77	7	794.6111040115356	29820428288	70562492416
nPhase	8	0.1	10	83.74	10.82	5.44	78.47	18.9	151	8	189.58711261861026	14226112512	55198818304
nPhase	8	0.1	15	78.82	13.51	7.67	72.59	13	104	8	345.25679548271	23052378112	63859716096
nPhase	8	0.1	20	81.51	13.66	4.83	75.97	11.1	89	8	497.2291978504509	33786314752	74563198976
nPhase	9	0.1	10	75.35	14.45	10.2	66.94	16.3	147	9	258.3201418053359	16497565696	57406361600
nPhase	9	0.1	15	78.56	14.94	6.5	69.34	12.7	114	9	375.2437363183126	26435047424	67215978496
nPhase	9	0.1	20	76.87	16.94	6.19	63.64	9.3	84	9	751.4125829283148	37179244544	78554783744
nPhase	10	0.1	10	78.29	12.49	9.22	71.38	19.6	196	10	302.68903389479965	18602991616	59560636416
nPhase	10	0.1	15	78.73	16.4	4.88	65.32	12.4	124	10	557.084024136886	30210600960	70909538304
nPhase	10	0.1	20	75.52	17.04	7.44	63.23	11.9	119	10	803.2228334574029	42307133440	83577757696
nPhase	11	0.1	10	78.42	12.92	8.66	69.38	18.8	207	11	279.6903408616781	19658268672	60575383552
nPhase	11	0.1	15	74.44	17.1	8.46	60.3	12.7	140	11	481.1518135657534	31752019968	72396808192
nPhase	11	0.1	20	75.47	18.33	6.2	59.07	11.4	125	11	690.2729270868003	44517801984	85886894080
nPhase	12	0.1	10	74.53	14.25	11.22	63.23	17.1	205	12	286.2402365161106	22266679296	63079768064
nPhase	12	0.1	15	77.72	15.3	6.98	63.67	13.8	165	12	530.0609628744423	35597541376	76917805056
nPhase	12	0.1	20	76.89	17.59	5.52	59	13	156	12	1089.5314590390772	52161830912	93519536128
flopp	3	0.1	10	89.16	10.84	0	79.55	1	3	3	2.288248684257269	15052800	1127772160
flopp	3	0.1	15	81.14	18.86	0	70.62	1	3	3	3.332975917495787	24080384	1137979392
flopp	3	0.1	20	71.73	28.27	0	56.36	1	3	3	4.454463584348559	32493568	1141272576
flopp	4	0.1	10	52.69	27.31	20	37.47	1	4	4	4.5325364004820585	19410944	1132724224
flopp	4	0.1	15	73.36	26.64	0	46.72	1	4	4	5.657819421030581	28385280	1142005760
flopp	4	0.1	20	83.19	16.81	0	64.39	1	4	4	7.93868693895638	40583168	1150976000
flopp	5	0.1	10	60.79	22.54	16.67	42.41	1	5	5	3.3959638345986605	23629824	1137770496
flopp	5	0.1	15	64.94	18.39	16.67	49.59	1	5	5	5.690789344720542	39673856	1145085952
flopp	5	0.1	20	68.66	14.68	16.67	58.19	1	5	5	9.096462808549404	42954752	1159188480
flopp	6	0.1	10	55.74	29.97	14.29	28.47	1	6	6	5.686451010406017	26521600	1140387840
flopp	6	0.1	15	72.01	27.99	0	37.73	1	6	6	6.807725401595235	46432256	1155649536
flopp	6	0.1	20	65.48	20.24	14.29	43.84	1	6	6	12.4388826219365	70615040	1168396288
flopp	7	0.1	10	58.32	29.18	12.5	27.95	1	7	7	9.017874545417726	35176448	1145430016
flopp	7	0.1	15	55.42	22.35	22.22	33.08	1	7	7	12.383237003348768	60145664	1161834496
flopp	7	0.1	20	72.29	15.21	12.5	52.3	1	7	7	18.09355389326811	86376448	1175875584
flopp	8	0.1	10	46.75	25.98	27.27	21.86	1	8	8	22.59617543965578	42024960	1147686912
flopp	8	0.1	15	56.69	23.31	20	31	1	8	8	25.951059036888182	66023424	1166438400
flopp	8	0.1	20	67.02	21.87	11.11	36.41	1	8	8	40.632760557346046	100634624	1181188096
flopp	9	0.1	10	60.34	29.66	10	22.28	1	9	9	115.41625018138438	74436608	1176502272
flopp	9	0.1	15	51.24	23.76	25	25.15	1	9	9	175.28404131624848	99905536	1186557952
flopp	9	0.1	20	74.64	25.36	0	33.79	1	9	9	279.44726410880685	137768960	1202393088
flopp	10	0.1	10	49.73	27.2	23.08	18.46	1	10	10	1181.7084205104038	503435264	1654714368
flopp	10	0.1	15	57.19	26.14	16.67	22.89	1	10	10	1769.0761415520683	534499328	1665208320
flopp	10	0.1	20	66.42	24.49	9.09	29.77	1	10	10	2054.877777568996	572178432	1673805824
flopp	11	0.1	10	50.56	28.01	21.43	16.55	1	11	11	10054.720445845276	4969541632	6502785024
flopp	11	0.1	15	57.91	26.71	15.38	20.65	1	11	11	15404.089821049944	5000847360	6511251456
flopp	11	0.1	20	63.76	27.91	8.33	22.35	1	11	11	21311.290957183577	5039263744	6524837888
flopp	12	0.1	10	51.9	28.1	20	14.5	1	12	12	140048.14328498486	67968319488	73859543040
flopp	12	0.1	15	54.67	25.33	20	18.85	1	12	12	230904.44659107272	68000235520	73869590528
flopp	12	0.1	20	50.57	24.43	25	15.61	1	12	12	324999.138997403	68353712128	74023387136
nTChap	3	0.1	10	98.37	0.89	0.75	98.71	34.7	104	3	63.49604054912925	6126936064	84874735616
nTChap	3	0.1	15	99.66	0.32	0.01	99.33	26.3	79	3	115.0878662392497	8658878464	87178768384
nTChap	3	0.1	20	99.74	0.26	0	99.21	20.7	62	3	192.48665230628103	10975625216	89441579008
nTChap	4	0.1	10	98.15	0.94	0.9	96.6	37	148	4	108.80018728598952	7731392512	86246768640
nTChap	4	0.1	15	99.56	0.44	0	97.49	27	108	4	207.28506243787706	10820808704	89277358080
nTChap	4	0.1	20	99.68	0.32	0	97.99	21.5	86	4	370.01798730064183	13993172992	92404555776
nTChap	5	0.1	10	97.04	1.72	1.24	94.25	38.8	194	5	190.0073597440496	9064108032	87577272320
nTChap	5	0.1	15	98.87	0.69	0.43	95.02	30	150	5	327.9382760198787	12856741888	91254386688
nTChap	5	0.1	20	98.94	0.72	0.34	94.68	23.6	118	5	607.2716214070097	16920817664	95256571904
nTChap	6	0.1	10	95.19	2.16	2.65	91.14	38.5	231	6	264.01965201087296	10411778048	88851202048
nTChap	6	0.1	15	98.9	0.73	0.37	93.78	26.2	157	6	430.16266436781734	14996721664	93338996736
nTChap	6	0.1	20	98.72	0.83	0.45	93.16	25.3	152	6	922.3452745815739	19753336832	98009272320
nTChap	7	0.1	10	95.97	1.95	2.08	90.49	36	252	7	327.30104097817093	11903025152	90288984064
nTChap	7	0.1	15	97.87	1.17	0.96	90.33	26.7	187	7	630.3926100879908	17133223936	95434899456
nTChap	7	0.1	20	97.92	1.23	0.85	90.47	21.6	151	7	1245.3953940691426	22566420480	100749152256
nTChap	8	0.1	10	94.7	2.35	2.95	86.88	35.8	286	8	413.05187426228076	13204328448	91567673344
nTChap	8	0.1	15	98	1.23	0.78	89.15	27.1	217	8	788.5836017569527	19168661504	97406988288
nTChap	8	0.1	20	98.36	0.79	0.85	88.91	22.4	179	8	1586.9313717028126	25405804544	103423115264
nTChap	9	0.1	10	94.61	2.66	2.74	85.53	34.6	311	9	605.2184556312859	14736023552	93050388480
nTChap	9	0.1	15	96.71	2	1.28	86.88	29	261	9	1167.9225437752903	21401608192	99568349184
nTChap	9	0.1	20	97.21	1.56	1.23	86.53	23.8	214	9	2043.2734785778448	27410620416	106093445120
nTChap	10	0.1	10	94.61	2.18	3.21	84.06	33.7	337	10	664.015102557838	16290033664	94484189184
nTChap	10	0.1	15	96.68	1.92	1.4	85.56	26.4	264	10	1386.6252055298537	23574548480	101712769024
nTChap	10	0.1	20	96.46	1.74	1.8	84.7	22.4	224	10	2614.6077130250633	30233919488	108972187648
nTChap	11	0.1	10	93.53	2.43	4.04	80.73	35.7	393	11	889.6389583190903	17421991936	95675113472
nTChap	11	0.1	15	95.24	2.2	2.56	81.79	27.6	304	11	1504.3033505789936	25392918528	103480516608
nTChap	11	0.1	20	96.41	1.88	1.71	81.9	26.1	287	11	2994.658959926106	32677445632	111374295040
nTChap	12	0.1	10	92.05	3.2	4.75	79.51	33.5	402	12	1446.7607112722471	18957377536	97171288064
nTChap	12	0.1	15	96.55	1.82	1.63	80.82	27.6	331	12	2032.647913663648	27179466752	105885159424
nTChap	12	0.1	20	96.39	1.84	1.78	80.47	24.8	297	12	4021.1125043705106	35808669696	114488569856
whatshap polyphase	3	0.05	10	97.15	2.57	0.28	94.8	27	81	3	3.2205823212862015	100913152	5493972992
whatshap polyphase	3	0.05	15	95.67	4.33	0	93.12	11	33	3	3.2258759969845414	101539840	5496279040
whatshap polyphase	3	0.05	20	90.6	9.4	0	86.84	6	18	3	5.399704536423087	1231757312	76365377536
whatshap polyphase	4	0.05	10	97.56	1.49	0.94	96.59	31	124	4	3.2295303838327527	101425152	5496430592
whatshap polyphase	4	0.05	15	93.23	6.47	0.3	86.62	10	40	4	4.310713446699083	105361408	5500235776
whatshap polyphase	4	0.05	20	95.18	4.82	0	90.09	6	24	4	7.543831679970026	1396072448	76524883968
whatshap polyphase	5	0.05	10	92.69	2.14	5.17	94.19	72	360	5	3.2254839222878218	101777408	5496762368
whatshap polyphase	5	0.05	15	94.81	3.55	1.64	92.24	37	185	5	5.370770557783544	1381408768	76465541120
whatshap polyphase	5	0.05	20	92.37	5.01	2.62	88.51	18	90	5	8.600322308018804	1490124800	76607447040
whatshap polyphase	6	0.05	10	88.14	4.31	7.54	88.85	73	438	6	4.31685914285481	1260695552	76332130304
whatshap polyphase	6	0.05	15	89.89	5.6	4.51	85.98	46	276	6	6.465522842481732	1453608960	76538085376
whatshap polyphase	6	0.05	20	93	3.27	3.74	90.9	30	180	6	10.810297338292003	1632382976	76750303232
whatshap polyphase	7	0.05	10	85.48	2.34	12.18	92.25	102	714	7	5.377470901235938	1285070848	76364976128
whatshap polyphase	7	0.05	15	89.29	2.35	8.36	92.93	79	553	7	7.542277083732188	1511174144	76595818496
whatshap polyphase	7	0.05	20	90.4	2.81	6.79	91.33	61	427	7	11.883357747457922	1763540992	76864409600
whatshap polyphase	8	0.05	10	80.79	3.16	16.05	87.78	116	928	8	17.46392551716417	1353416704	76431417344
whatshap polyphase	8	0.05	15	82.79	5.34	11.87	83.04	85	680	8	9.85802120808512	1627201536	76705366016
whatshap polyphase	8	0.05	20	88.49	2.62	8.88	90.69	81	648	8	17.522783149965107	1941323776	77030195200
whatshap polyphase	9	0.05	10	79.52	1.4	19.08	92.5	153	1377	9	137.79563594423234	1535070208	76614098944
whatshap polyphase	9	0.05	15	82.82	2.37	14.81	89.18	119	1071	9	24.622069152072072	1885073408	76960952320
whatshap polyphase	9	0.05	20	85.62	2.7	11.68	90	102	918	9	36.47502349130809	2079981568	77163229184
whatshap polyphase	10	0.05	10	77.03	1.85	21.12	90.45	173	1730	10	1271.6213830895722	5999976448	81118400512
whatshap polyphase	10	0.05	15	80.52	2.37	17.11	88.42	134	1340	10	238.2638518968597	2618974208	77701255168
whatshap polyphase	10	0.05	20	84.51	2.59	12.89	89.06	103	1030	10	122.19298680964857	2993975296	78080569344
whatshap polyphase	11	0.05	10	71.43	1.98	26.59	85.81	201	2211	11	48557.870177109726	32072491008	107236118528
whatshap polyphase	11	0.05	15	77.46	2.07	20.46	89.96	166	1826	11	2308.2540280465037	7789498368	82993254400
whatshap polyphase	11	0.05	20	81.51	2.27	16.22	90.2	135	1485	11	3531.1788605852053	12099944448	87220445184
whatshap polyphase	12	0.05	10	71.55	1.56	26.89	88.44	219	2628	12	209435.28467701375	133415780352	208980443136
whatshap polyphase	12	0.05	15	75.86	1.53	22.6	89.67	188	2256	12	24524.995604177937	129680023552	204931665920
whatshap polyphase	12	0.05	20	81.02	1.78	17.2	90.9	150	1800	12	30179.265463177115	137408151552	212659023872
nPhase	3	0.05	10	87.65	4.01	8.34	95.83	79	237	3	135.27484011091292	2729738240	46932377600
nPhase	3	0.05	15	94.92	3.05	2.02	98.8	72	216	3	177.561972361058	7189655552	48520482816
nPhase	3	0.05	20	91.6	4.78	3.62	93.68	44.7	134	3	231.9241491407156	9519140864	50565472256
nPhase	4	0.05	10	86.09	4.86	9.05	91.41	54.5	218	4	145.96068741101772	3467177984	46861824000
nPhase	4	0.05	15	86.93	6.55	6.51	88.86	24.8	99	4	206.59946585912257	9649737728	50738573312
nPhase	4	0.05	20	92.42	6.57	1.02	93.94	12	48	4	291.7298018038273	12982255616	53955227648
nPhase	5	0.05	10	84.92	3.45	11.63	93.84	49.4	247	5	158.82485340442508	4193484800	46861828096
nPhase	5	0.05	15	87.55	5.9	6.55	86.21	55.4	277	5	269.8409788440913	11245064192	52265693184
nPhase	5	0.05	20	83	9.07	7.93	82.11	12.6	63	5	355.26773425284773	15190478848	56119427072
nPhase	6	0.05	10	78.04	6.44	15.52	85.64	49.2	295	6	192.17806399799883	7291011072	46725500928
nPhase	6	0.05	15	76.31	7.45	16.24	80.11	15.2	91	6	245.31430519279093	13030998016	53988642816
nPhase	6	0.05	20	77.66	11.6	10.74	72.01	13	78	6	379.9106122283265	17843412992	58680696832
nPhase	7	0.05	10	77.17	4.77	18.06	87.64	42.4	297	7	207.91890527959913	5667454976	46659727360
nPhase	7	0.05	15	74	9.45	16.55	73.32	21	147	7	288.54170654248446	15083409408	55973265408
nPhase	7	0.05	20	74.74	10.66	14.61	71.1	13	91	7	373.2398176975548	20113485824	60882460672
nPhase	8	0.05	10	75.99	5.42	18.59	81.25	41.9	335	8	246.52175696380436	11125411840	52129697792
nPhase	8	0.05	15	73.67	8.48	17.84	72.05	16	128	8	347.4291861811653	17149927424	58003918848
nPhase	8	0.05	20	79.5	8.63	11.87	73.66	13.8	110	8	496.6048888694495	23027302400	63782006784
nPhase	9	0.05	10	69.27	7.24	23.49	71.07	25.1	226	9	276.65948466118425	12887678976	53777137664
nPhase	9	0.05	15	72.29	10.25	17.46	70.75	17.8	160	9	369.92256376426667	18884661248	59658608640
nPhase	9	0.05	20	78.32	9.37	12.31	74.21	13.7	123	9	507.7559828720987	24822394880	66180374528
nPhase	10	0.05	10	68.93	7.16	23.91	72.02	27	270	10	292.1680426709354	14107820032	55007068160
nPhase	10	0.05	15	69.83	11.14	19.03	66.88	16.6	166	10	365.07011942286044	20761190400	61509169152
nPhase	10	0.05	20	70.36	13.42	16.22	61.41	13.9	139	10	551.0919974315912	27260882944	68648726528
nPhase	11	0.05	10	63.55	9.16	27.3	66.67	14.9	164	11	295.91989476419985	15524044800	56390696960
nPhase	11	0.05	15	66.72	10.88	22.4	63.28	14	154	11	474.92915116623044	23121481728	63827267584
nPhase	11	0.05	20	69.03	12.74	18.22	58.1	12.5	138	11	567.9805957749486	30042402816	71435042816
nPhase	12	0.05	10	61.45	8.17	30.38	61.9	17.2	206	12	276.4371323976666	16866996224	57664696320
nPhase	12	0.05	15	68.06	12.06	19.88	59.78	14.3	172	12	369.9106280123815	24743305216	66099081216
nPhase	12	0.05	20	64.9	12.88	22.23	51.26	11.5	138	12	523.7764419969171	33864077312	75231318016
nTChap	3	0.05	10	96.01	1.8	2.19	98.56	54.3	163	3	43.167061695829034	5788405760	84397510656
nTChap	3	0.05	15	97.41	1.49	1.1	97.71	36.7	110	3	63.61955356691033	7706853376	86458544128
nTChap	3	0.05	20	99.13	0.62	0.25	98.69	31	93	3	91.06133025791496	9990410240	88397344768
nTChap	4	0.05	10	96.68	2.08	1.24	95.17	53.8	215	4	112.1225034436211	7385219072	85750861824
nTChap	4	0.05	15	97.82	0.82	1.36	95.05	30.5	122	4	125.9764519892633	10254598144	88507727872
nTChap	4	0.05	20	99.31	0.57	0.12	96.34	26	104	4	203.27424915600568	12876283904	91211333632
nTChap	5	0.05	10	94.09	1.8	4.12	91.03	48.4	242	5	102.79170041531324	8577204224	86996312064
nTChap	5	0.05	15	96.9	1.39	1.72	92.5	34.8	174	5	159.18948330916464	11849728000	90204409856
nTChap	5	0.05	20	96.52	1.84	1.64	91.24	27.6	138	5	267.02865845151246	15334072320	93588611072
nTChap	6	0.05	10	92.24	2.6	5.16	85.83	48.3	290	6	122.14519571140409	9801547776	88179093504
nTChap	6	0.05	15	93.09	2.36	4.55	86.25	34.3	206	6	205.75865731853992	13764726784	92046577664
nTChap	6	0.05	20	96.06	1.42	2.52	87.88	26.3	158	6	408.911440894939	17976885248	96175071232
nTChap	7	0.05	10	88.43	2.56	9.01	81.85	45.6	319	7	164.47754056192935	11037323264	89369894912
nTChap	7	0.05	15	91.96	2.33	5.71	83.01	35.9	251	7	327.72813116945326	15692361728	93925863424
nTChap	7	0.05	20	93.99	1.93	4.08	82.51	28	196	7	492.70103608444333	20414484480	98524368896
nTChap	8	0.05	10	85.72	2.94	11.34	78.41	37.9	303	8	181.1517476895824	12387434496	90636320768
nTChap	8	0.05	15	91.75	2.09	6.16	80.85	32.5	260	8	350.31381647568196	17628999680	95814426624
nTChap	8	0.05	20	93.22	1.67	5.11	79.37	28.3	226	8	694.0197360655293	23447613440	101522071552
nTChap	9	0.05	10	84.99	2.63	12.38	76.73	38.2	344	9	289.9876937987283	13630398464	91909517312
nTChap	9	0.05	15	90.66	2.67	6.67	77.17	34.3	309	9	480.18795227538794	19519512576	97638645760
nTChap	9	0.05	20	90.27	2.49	7.23	76.61	26.3	237	9	792.3991605276242	24854020096	103545716736
nTChap	10	0.05	10	85.87	3.52	10.61	73.33	39.1	391	10	261.26063735503703	14952116224	93192318976
nTChap	10	0.05	15	88.04	3.48	8.48	74.57	34.5	345	10	581.8031086893752	21475479552	99533516800
nTChap	10	0.05	20	89.75	3.21	7.04	74.27	28.4	284	10	1048.302638988942	27198070784	105949478912
nTChap	11	0.05	10	81.78	4.52	13.7	69.15	35	385	11	461.094574037008	16289144832	94474567680
nTChap	11	0.05	15	86.36	3.32	10.31	70.69	29.8	328	11	703.4001048086211	23588626432	101608415232
nTChap	11	0.05	20	89.75	3.65	6.6	71.49	25.4	279	11	1289.9411419872195	29786546176	108542320640
nTChap	12	0.05	10	81.53	3.09	15.38	66.39	36.7	440	12	424.9600781677291	17582100480	95765991424
nTChap	12	0.05	15	87.03	3.76	9.21	68.97	30.1	361	12	904.8036184627563	24837070848	103533010944
nTChap	12	0.05	20	85.81	4.28	9.91	66.43	25.8	309	12	1779.5118185225874	32650543104	111356178432
flopp	3	0.05	10	67.31	32.69	0	49.14	1	3	3	2.1514486437663436	15261696	1127620608
flopp	3	0.05	15	69.28	30.72	0	52.04	1	3	3	3.240488381125033	18022400	1130250240
flopp	3	0.05	20	49.08	25.92	25	46.67	1	3	3	3.236404570750892	24301568	1138434048
flopp	4	0.05	10	53.58	26.42	20	36.14	1	4	4	2.16076298058033	17289216	1130164224
flopp	4	0.05	15	69.24	30.76	0	39.61	1	4	4	3.233873144723475	24334336	1138769920
flopp	4	0.05	20	73.86	26.14	0	46.44	1	4	4	4.305590633302927	30695424	1146757120
flopp	5	0.05	10	46.66	24.76	28.57	29.14	1	5	5	3.2342189010232687	20713472	1134608384
flopp	5	0.05	15	55.34	28	16.67	31.55	1	5	5	4.304475521668792	28360704	1143062528
flopp	5	0.05	20	69.76	30.24	0	33.94	1	5	5	5.395756206475198	38084608	1154072576
flopp	6	0.05	10	62.92	37.08	0	22.75	1	6	6	3.2345789168030024	22958080	1136984064
flopp	6	0.05	15	56.11	29.6	14.29	24.53	1	6	6	5.395900383591652	34217984	1145155584
flopp	6	0.05	20	69.93	30.07	0	29.97	1	6	6	7.533265953883529	42430464	1159499776
flopp	7	0.05	10	64.13	35.87	0	22.76	1	7	7	4.344536273740232	24821760	1138618368
flopp	7	0.05	15	50.61	27.17	22.22	20.07	1	7	7	7.587960007600486	42692608	1149906944
flopp	7	0.05	20	59.32	28.18	12.5	22.84	1	7	7	9.710221813060343	68689920	1165426688
flopp	8	0.05	10	51.22	28.78	20	21.22	1	8	8	10.807714994065464	29810688	1142804480
flopp	8	0.05	15	58.85	30.04	11.11	19.93	1	8	8	17.26187510881573	52797440	1157435392
flopp	8	0.05	20	54.44	25.56	20	21.76	1	8	8	21.588171498849988	81293312	1169084416
flopp	9	0.05	10	47.51	27.49	25	16.63	1	9	9	68.0877012964338	65273856	1171148800
flopp	9	0.05	15	52.83	28.99	18.18	17.16	1	9	9	107.69106875639409	83488768	1175068672
flopp	9	0.05	20	50.1	24.9	25	17.81	1	9	9	127.10255989432335	111611904	1183281152
flopp	10	0.05	10	52.95	30.39	16.67	14.83	1	10	10	725.5605433834717	493948928	1648402432
flopp	10	0.05	15	50.57	26.35	23.08	16.8	1	10	10	1131.3160721240565	515616768	1654972416
flopp	10	0.05	20	47.54	23.89	28.57	16.6	1	10	10	1701.6222360990942	541597696	1659781120
flopp	11	0.05	10	49.19	29.38	21.43	14.36	1	11	11	8600.447545077652	4958978048	6598053888
flopp	11	0.05	15	55.36	29.25	15.38	15.51	1	11	11	15017.053439744748	4985368576	6502289408
flopp	11	0.05	20	52.21	26.36	21.43	15.34	1	11	11	22137.491095553152	5016494080	6507216896
flopp	12	0.05	10	51.03	28.97	20	13.06	1	12	12	127651.19607259892	67702865920	73850470400
flopp	12	0.05	15	52.88	27.12	20	14.04	1	12	12	215935.801918922	67913453568	73858777088
flopp	12	0.05	20	53.3	26.7	20	13.31	1	12	12	229169.8474006327	68222640128	74003550208
