chromosome	coordinate	coverage
NC_054682.1	5000.0	4.603448275862069
NC_054682.1	15000.0	39.2
NC_054682.1	25000.0	71.6137566137566
NC_054682.1	35000.0	76.59358288770053
NC_054682.1	45000.0	79.67307692307692
NC_054682.1	55000.0	82.76744186046511
NC_054682.1	65000.0	67.01492537313433
NC_054682.1	75000.0	67.6086956521739
NC_054682.1	85000.0	71.15730337078652
NC_054682.1	95000.0	67.94680851063829
NC_054682.1	105000.0	71.30337078651685
NC_054682.1	115000.0	58.404761904761905
NC_054682.1	125000.0	66.0
NC_054682.1	135000.0	73.63636363636364
NC_054682.1	145000.0	84.7
NC_054682.1	155000.0	78.86407766990291
NC_054682.1	165000.0	78.84210526315789
NC_054682.1	175000.0	47.666666666666664
NC_054682.1	185000.0	74.23529411764706
NC_054682.1	195000.0	75.52
NC_054682.1	205000.0	69.70063694267516
NC_054682.1	215000.0	72.0
NC_054682.1	225000.0	58.4
NC_054682.1	235000.0	53.32727272727273
NC_054682.1	245000.0	55.083333333333336
NC_054682.1	255000.0	39.3235294117647
NC_054682.1	265000.0	13.0
NC_054682.1	275000.0	0
NC_054683.1	5000.0	0
NC_054683.1	15000.0	0
NC_054683.1	25000.0	50.310810810810814
NC_054683.1	35000.0	76.56716417910448
NC_054683.1	45000.0	79.53658536585365
NC_054683.1	55000.0	77.40092165898618
NC_054683.1	65000.0	73.03135888501743
NC_054683.1	75000.0	82.77570093457943
NC_054683.1	85000.0	81.22058823529412
NC_054683.1	95000.0	79.42738589211618
NC_054683.1	105000.0	77.45370370370371
NC_054683.1	115000.0	63.86666666666667
NC_054683.1	125000.0	67.7948717948718
NC_054683.1	135000.0	63.362162162162164
NC_054683.1	145000.0	70.76978417266187
NC_054683.1	155000.0	53.45161290322581
NC_054683.1	165000.0	69.61666666666666
NC_054683.1	175000.0	68.79
NC_054683.1	185000.0	64.6
NC_054683.1	195000.0	66.45871559633028
NC_054683.1	205000.0	67.58490566037736
NC_054683.1	215000.0	72.07627118644068
NC_054683.1	225000.0	64.44347826086957
NC_054683.1	235000.0	58.775
NC_054683.1	245000.0	59.19047619047619
NC_054683.1	255000.0	67.51612903225806
NC_054683.1	265000.0	62.52040816326531
NC_054683.1	275000.0	65.29861111111111
NC_054683.1	285000.0	63.81818181818182
NC_054683.1	295000.0	60.17054263565891
NC_054683.1	305000.0	62.90677966101695
NC_054683.1	315000.0	70.68468468468468
NC_054683.1	325000.0	71.34234234234235
NC_054683.1	335000.0	63.17283950617284
NC_054683.1	345000.0	71.78571428571429
NC_054683.1	355000.0	78.875
NC_054683.1	365000.0	0
NC_054683.1	375000.0	80.33333333333333
NC_054683.1	385000.0	77.0
NC_054683.1	395000.0	63.25
NC_054683.1	405000.0	82.75
NC_054683.1	415000.0	38.714285714285715
NC_054683.1	425000.0	30.571428571428573
NC_054683.1	435000.0	0
NC_054683.1	445000.0	0
NC_054683.1	455000.0	5.342105263157895
NC_054683.1	465000.0	0
NC_054684.1	5000.0	0
NC_054684.1	15000.0	0
NC_054684.1	25000.0	44.943548387096776
NC_054684.1	35000.0	64.30508474576271
NC_054684.1	45000.0	77.23880597014926
NC_054684.1	55000.0	69.77083333333333
NC_054684.1	65000.0	64.8
NC_054684.1	75000.0	64.64423076923077
NC_054684.1	85000.0	65.45833333333333
NC_054684.1	95000.0	65.97368421052632
NC_054684.1	105000.0	65.4888888888889
NC_054684.1	115000.0	70.78947368421052
NC_054684.1	125000.0	73.37588652482269
NC_054684.1	135000.0	79.625
NC_054684.1	145000.0	79.45
NC_054684.1	155000.0	79.95652173913044
NC_054684.1	165000.0	78.48148148148148
NC_054684.1	175000.0	81.25
NC_054684.1	185000.0	80.63636363636364
NC_054684.1	195000.0	75.38095238095238
NC_054684.1	205000.0	76.5
NC_054684.1	215000.0	77.37777777777778
NC_054684.1	225000.0	73.15384615384616
NC_054684.1	235000.0	62.30434782608695
NC_054684.1	245000.0	66.15294117647059
NC_054684.1	255000.0	66.68571428571428
NC_054684.1	265000.0	63.61538461538461
NC_054684.1	275000.0	68.8076923076923
NC_054684.1	285000.0	57.95238095238095
NC_054684.1	295000.0	62.63333333333333
NC_054684.1	305000.0	71.60606060606061
NC_054684.1	315000.0	80.04545454545455
NC_054684.1	325000.0	80.1774193548387
NC_054684.1	335000.0	64.38181818181818
NC_054684.1	345000.0	72.93103448275862
NC_054684.1	355000.0	69.66176470588235
NC_054684.1	365000.0	63.0921052631579
NC_054684.1	375000.0	67.12389380530973
NC_054684.1	385000.0	73.66666666666667
NC_054684.1	395000.0	76.58823529411765
NC_054684.1	405000.0	76.22916666666667
NC_054684.1	415000.0	76.53932584269663
NC_054684.1	425000.0	89.24626865671642
NC_054684.1	435000.0	82.61363636363636
NC_054684.1	445000.0	71.1640625
NC_054684.1	455000.0	76.98947368421052
NC_054684.1	465000.0	73.63095238095238
NC_054684.1	475000.0	68.21518987341773
NC_054684.1	485000.0	69.53703703703704
NC_054684.1	495000.0	64.18947368421053
NC_054684.1	505000.0	63.527272727272724
NC_054684.1	515000.0	63.353658536585364
NC_054684.1	525000.0	62.57823129251701
NC_054684.1	535000.0	57.63636363636363
NC_054684.1	545000.0	60.056603773584904
NC_054684.1	555000.0	46.10344827586207
NC_054684.1	565000.0	48.81159420289855
NC_054684.1	575000.0	68.05
NC_054684.1	585000.0	54.77358490566038
NC_054684.1	595000.0	41.5
NC_054684.1	605000.0	0
NC_054685.1	5000.0	0
NC_054685.1	15000.0	65.43548387096774
NC_054685.1	25000.0	75.07731958762886
NC_054685.1	35000.0	78.71505376344086
NC_054685.1	45000.0	84.05917159763314
NC_054685.1	55000.0	88.77717391304348
NC_054685.1	65000.0	83.27319587628865
NC_054685.1	75000.0	71.86029411764706
NC_054685.1	85000.0	73.15044247787611
NC_054685.1	95000.0	82.88111888111888
NC_054685.1	105000.0	92.53968253968254
NC_054685.1	115000.0	90.18518518518519
NC_054685.1	125000.0	85.84033613445378
NC_054685.1	135000.0	74.79207920792079
NC_054685.1	145000.0	76.0952380952381
NC_054685.1	155000.0	70.2840909090909
NC_054685.1	165000.0	49.33720930232558
NC_054685.1	175000.0	57.10227272727273
NC_054685.1	185000.0	57.38775510204081
NC_054685.1	195000.0	55.72185430463576
NC_054685.1	205000.0	66.27710843373494
NC_054685.1	215000.0	67.30337078651685
NC_054685.1	225000.0	65.53383458646617
NC_054685.1	235000.0	58.42741935483871
NC_054685.1	245000.0	66.13793103448276
NC_054685.1	255000.0	62.485915492957744
NC_054685.1	265000.0	63.549019607843135
NC_054685.1	275000.0	59.03076923076923
NC_054685.1	285000.0	63.21951219512195
NC_054685.1	295000.0	69.08064516129032
NC_054685.1	305000.0	70.23776223776224
NC_054685.1	315000.0	61.69281045751634
NC_054685.1	325000.0	66.41666666666667
NC_054685.1	335000.0	66.475
NC_054685.1	345000.0	58.38235294117647
NC_054685.1	355000.0	52.68281938325991
NC_054685.1	365000.0	50.51282051282051
NC_054685.1	375000.0	58.27127659574468
NC_054685.1	385000.0	64.8
NC_054685.1	395000.0	65.63706563706563
NC_054685.1	405000.0	60.48
NC_054685.1	415000.0	55.072131147540986
NC_054685.1	425000.0	69.05803571428571
NC_054685.1	435000.0	73.77366255144032
NC_054685.1	445000.0	79.6820809248555
NC_054685.1	455000.0	68.64516129032258
NC_054685.1	465000.0	60.862660944206006
NC_054685.1	475000.0	54.91237113402062
NC_054685.1	485000.0	64.3519313304721
NC_054685.1	495000.0	67.3092105263158
NC_054685.1	505000.0	69.93617021276596
NC_054685.1	515000.0	66.74235807860262
NC_054685.1	525000.0	71.73076923076923
NC_054685.1	535000.0	71.68595041322314
NC_054685.1	545000.0	66.43478260869566
NC_054685.1	555000.0	69.11458333333333
NC_054685.1	565000.0	68.96864111498257
NC_054685.1	575000.0	67.22169811320755
NC_054685.1	585000.0	61.78087649402391
NC_054685.1	595000.0	63.74
NC_054685.1	605000.0	70.14655172413794
NC_054685.1	615000.0	76.22043010752688
NC_054685.1	625000.0	87.61194029850746
NC_054685.1	635000.0	70.46715328467154
NC_054685.1	645000.0	76.42
NC_054685.1	655000.0	65.97422680412372
NC_054685.1	665000.0	69.6150234741784
NC_054685.1	675000.0	67.74891774891775
NC_054685.1	685000.0	66.87951807228916
NC_054685.1	695000.0	69.65979381443299
NC_054685.1	705000.0	70.72457627118644
NC_054685.1	715000.0	74.63276836158192
NC_054685.1	725000.0	64.92613636363636
NC_054685.1	735000.0	55.252873563218394
NC_054685.1	745000.0	67.24657534246575
NC_054685.1	755000.0	72.93085106382979
NC_054685.1	765000.0	74.58904109589041
NC_054685.1	775000.0	75.64285714285714
NC_054685.1	785000.0	71.11627906976744
NC_054685.1	795000.0	57.74803149606299
NC_054685.1	805000.0	54.40277777777778
NC_054685.1	815000.0	28.942857142857143
NC_054685.1	825000.0	7.433333333333334
NC_054685.1	835000.0	0
NC_054686.1	5000.0	42.53030303030303
NC_054686.1	15000.0	43.77777777777778
NC_054686.1	25000.0	74.70370370370371
NC_054686.1	35000.0	92.58333333333333
NC_054686.1	45000.0	77.15
NC_054686.1	55000.0	60.88461538461539
NC_054686.1	65000.0	31.5
NC_054686.1	75000.0	68.875
NC_054686.1	85000.0	70.78571428571429
NC_054686.1	95000.0	54.42857142857143
NC_054686.1	105000.0	54.888888888888886
NC_054686.1	115000.0	55.57142857142857
NC_054686.1	125000.0	60.25
NC_054686.1	135000.0	15.6
NC_054686.1	145000.0	11.0
NC_054686.1	155000.0	49.25
NC_054686.1	165000.0	82.66666666666667
NC_054686.1	175000.0	68.14285714285714
NC_054686.1	185000.0	60.1
NC_054686.1	195000.0	53.5
NC_054686.1	205000.0	61.45454545454545
NC_054686.1	215000.0	51.733333333333334
NC_054686.1	225000.0	57.2
NC_054686.1	235000.0	65.04545454545455
NC_054686.1	245000.0	69.47619047619048
NC_054686.1	255000.0	73.6875
NC_054686.1	265000.0	67.8
NC_054686.1	275000.0	69.2
NC_054686.1	285000.0	54.0
NC_054686.1	295000.0	68.91666666666667
NC_054686.1	305000.0	60.125
NC_054686.1	315000.0	52.857142857142854
NC_054686.1	325000.0	68.46153846153847
NC_054686.1	335000.0	63.75
NC_054686.1	345000.0	70.36666666666666
NC_054686.1	355000.0	68.71428571428571
NC_054686.1	365000.0	65.66666666666667
NC_054686.1	375000.0	64.53535353535354
NC_054686.1	385000.0	66.89583333333333
NC_054686.1	395000.0	79.9322033898305
NC_054686.1	405000.0	81.2289156626506
NC_054686.1	415000.0	79.72448979591837
NC_054686.1	425000.0	68.25
NC_054686.1	435000.0	81.54545454545455
NC_054686.1	445000.0	75.75
NC_054686.1	455000.0	73.38709677419355
NC_054686.1	465000.0	71.68518518518519
NC_054686.1	475000.0	67.11111111111111
NC_054686.1	485000.0	61.2406015037594
NC_054686.1	495000.0	58.25
NC_054686.1	505000.0	66.9245283018868
NC_054686.1	515000.0	69.71052631578948
NC_054686.1	525000.0	72.59183673469387
NC_054686.1	535000.0	66.24719101123596
NC_054686.1	545000.0	69.0925925925926
NC_054686.1	555000.0	70.29310344827586
NC_054686.1	565000.0	70.27272727272727
NC_054686.1	575000.0	64.0
NC_054686.1	585000.0	61.77777777777778
NC_054686.1	595000.0	65.78947368421052
NC_054686.1	605000.0	59.00826446280992
NC_054686.1	615000.0	59.46875
NC_054686.1	625000.0	59.77906976744186
NC_054686.1	635000.0	51.49593495934959
NC_054686.1	645000.0	55.77142857142857
NC_054686.1	655000.0	57.84722222222222
NC_054686.1	665000.0	62.614583333333336
NC_054686.1	675000.0	59.53061224489796
NC_054686.1	685000.0	60.40816326530612
NC_054686.1	695000.0	67.10810810810811
NC_054686.1	705000.0	68.91946308724832
NC_054686.1	715000.0	74.82278481012658
NC_054686.1	725000.0	70.96531791907515
NC_054686.1	735000.0	74.46820809248555
NC_054686.1	745000.0	63.20754716981132
NC_054686.1	755000.0	62.09649122807018
NC_054686.1	765000.0	63.05494505494506
NC_054686.1	775000.0	63.16428571428571
NC_054686.1	785000.0	76.90374331550802
NC_054686.1	795000.0	65.64220183486239
NC_054686.1	805000.0	61.06666666666667
NC_054686.1	815000.0	57.69718309859155
NC_054686.1	825000.0	62.14150943396226
NC_054686.1	835000.0	76.71621621621621
NC_054686.1	845000.0	65.94505494505495
NC_054686.1	855000.0	63.91089108910891
NC_054686.1	865000.0	61.98802395209581
NC_054686.1	875000.0	56.648148148148145
NC_054686.1	885000.0	64.38
NC_054686.1	895000.0	65.27777777777777
NC_054686.1	905000.0	69.80555555555556
NC_054686.1	915000.0	46.45
NC_054686.1	925000.0	56.3921568627451
NC_054686.1	935000.0	65.46478873239437
NC_054686.1	945000.0	64.71929824561404
NC_054686.1	955000.0	57.029411764705884
NC_054686.1	965000.0	56.78095238095238
NC_054686.1	975000.0	56.80995475113122
NC_054686.1	985000.0	55.855421686746986
NC_054686.1	995000.0	67.02127659574468
NC_054686.1	1005000.0	68.2741116751269
NC_054686.1	1015000.0	71.90222222222222
NC_054686.1	1025000.0	65.63
NC_054686.1	1035000.0	67.5158371040724
NC_054686.1	1045000.0	66.4795918367347
NC_054686.1	1055000.0	62.98930481283423
NC_054686.1	1065000.0	65.01408450704226
NC_054686.1	1075000.0	80.28358208955224
NC_054686.1	1085000.0	78.33536585365853
NC_054686.1	1095000.0	0
NC_054686.1	1105000.0	42.666666666666664
NC_054686.1	1115000.0	77.88235294117646
NC_054686.1	1125000.0	73.6015625
NC_054686.1	1135000.0	71.66025641025641
NC_054686.1	1145000.0	64.79617834394904
NC_054686.1	1155000.0	45.708333333333336
NC_054686.1	1165000.0	18.5
NC_054686.1	1175000.0	0
NC_054687.1	5000.0	1.0
NC_054687.1	15000.0	49.5
NC_054687.1	25000.0	59.180952380952384
NC_054687.1	35000.0	61.3448275862069
NC_054687.1	45000.0	53.90909090909091
NC_054687.1	55000.0	64.21556886227545
NC_054687.1	65000.0	66.62745098039215
NC_054687.1	75000.0	79.23809523809524
NC_054687.1	85000.0	88.52534562211981
NC_054687.1	95000.0	90.825
NC_054687.1	105000.0	79.19117647058823
NC_054687.1	115000.0	65.02369668246446
NC_054687.1	125000.0	74.025
NC_054687.1	135000.0	65.98678414096916
NC_054687.1	145000.0	70.32692307692308
NC_054687.1	155000.0	66.7860465116279
NC_054687.1	165000.0	74.73214285714286
NC_054687.1	175000.0	74.04878048780488
NC_054687.1	185000.0	78.07860262008734
NC_054687.1	195000.0	70.27272727272727
NC_054687.1	205000.0	81.91463414634147
NC_054687.1	215000.0	69.08771929824562
NC_054687.1	225000.0	67.6260162601626
NC_054687.1	235000.0	68.81443298969072
NC_054687.1	245000.0	55.707317073170735
NC_054687.1	255000.0	64.6875
NC_054687.1	265000.0	67.28378378378379
NC_054687.1	275000.0	75.64166666666667
NC_054687.1	285000.0	77.6
NC_054687.1	295000.0	59.346774193548384
NC_054687.1	305000.0	57.91150442477876
NC_054687.1	315000.0	52.39393939393939
NC_054687.1	325000.0	67.65517241379311
NC_054687.1	335000.0	61.03305785123967
NC_054687.1	345000.0	56.31147540983606
NC_054687.1	355000.0	50.32911392405063
NC_054687.1	365000.0	61.19230769230769
NC_054687.1	375000.0	66.32307692307693
NC_054687.1	385000.0	70.16326530612245
NC_054687.1	395000.0	66.94067796610169
NC_054687.1	405000.0	63.83050847457627
NC_054687.1	415000.0	67.0813953488372
NC_054687.1	425000.0	59.054054054054056
NC_054687.1	435000.0	69.11724137931034
NC_054687.1	445000.0	72.04761904761905
NC_054687.1	455000.0	68.31547619047619
NC_054687.1	465000.0	66.67179487179487
NC_054687.1	475000.0	73.40883977900552
NC_054687.1	485000.0	76.53703703703704
NC_054687.1	495000.0	81.70114942528735
NC_054687.1	505000.0	77.1923076923077
NC_054687.1	515000.0	82.57788944723617
NC_054687.1	525000.0	89.55208333333333
NC_054687.1	535000.0	81.9034090909091
NC_054687.1	545000.0	79.88
NC_054687.1	555000.0	77.30322580645161
NC_054687.1	565000.0	76.07758620689656
NC_054687.1	575000.0	65.63478260869566
NC_054687.1	585000.0	73.53488372093024
NC_054687.1	595000.0	76.1726907630522
NC_054687.1	605000.0	65.20408163265306
NC_054687.1	615000.0	55.76470588235294
NC_054687.1	625000.0	67.95541401273886
NC_054687.1	635000.0	68.64848484848486
NC_054687.1	645000.0	63.853658536585364
NC_054687.1	655000.0	68.16336633663366
NC_054687.1	665000.0	69.2542372881356
NC_054687.1	675000.0	73.13793103448276
NC_054687.1	685000.0	67.25555555555556
NC_054687.1	695000.0	55.53448275862069
NC_054687.1	705000.0	60.329787234042556
NC_054687.1	715000.0	77.64583333333333
NC_054687.1	725000.0	81.21348314606742
NC_054687.1	735000.0	74.61057692307692
NC_054687.1	745000.0	72.78571428571429
NC_054687.1	755000.0	70.0962962962963
NC_054687.1	765000.0	59.95104895104895
NC_054687.1	775000.0	65.15107913669065
NC_054687.1	785000.0	80.06796116504854
NC_054687.1	795000.0	76.552
NC_054687.1	805000.0	76.90728476821192
NC_054687.1	815000.0	89.48514851485149
NC_054687.1	825000.0	70.5079365079365
NC_054687.1	835000.0	79.8
NC_054687.1	845000.0	75.08641975308642
NC_054687.1	855000.0	73.02290076335878
NC_054687.1	865000.0	78.671875
NC_054687.1	875000.0	72.36241610738254
NC_054687.1	885000.0	54.888888888888886
NC_054687.1	895000.0	61.49640287769784
NC_054687.1	905000.0	60.40677966101695
NC_054687.1	915000.0	67.0
NC_054687.1	925000.0	65.86821705426357
NC_054687.1	935000.0	64.65882352941176
NC_054687.1	945000.0	78.2
NC_054687.1	955000.0	82.04761904761905
NC_054687.1	965000.0	78.97142857142858
NC_054687.1	975000.0	72.12698412698413
NC_054687.1	985000.0	48.22
NC_054687.1	995000.0	57.847290640394085
NC_054687.1	1005000.0	53.329787234042556
NC_054687.1	1015000.0	63.98245614035088
NC_054687.1	1025000.0	70.01063829787235
NC_054687.1	1035000.0	80.6923076923077
NC_054687.1	1045000.0	91.0875
NC_054687.1	1055000.0	89.54285714285714
NC_054687.1	1065000.0	68.88235294117646
NC_054687.1	1075000.0	67.1063829787234
NC_054687.1	1085000.0	64.90579710144928
NC_054687.1	1095000.0	57.93181818181818
NC_054687.1	1105000.0	49.945454545454545
NC_054687.1	1115000.0	58.407407407407405
NC_054687.1	1125000.0	62.848837209302324
NC_054687.1	1135000.0	62.785714285714285
NC_054687.1	1145000.0	63.71527777777778
NC_054687.1	1155000.0	59.5472972972973
NC_054687.1	1165000.0	67.27433628318585
NC_054687.1	1175000.0	67.74358974358974
NC_054687.1	1185000.0	75.17948717948718
NC_054687.1	1195000.0	66.67647058823529
NC_054687.1	1205000.0	78.0
NC_054687.1	1215000.0	83.5
NC_054687.1	1225000.0	80.94736842105263
NC_054687.1	1235000.0	78.35483870967742
NC_054687.1	1245000.0	63.42307692307692
NC_054687.1	1255000.0	61.083333333333336
NC_054687.1	1265000.0	61.5
NC_054687.1	1275000.0	65.33333333333333
NC_054687.1	1285000.0	72.33333333333333
NC_054687.1	1295000.0	74.3529411764706
NC_054687.1	1305000.0	62.0
NC_054687.1	1315000.0	62.333333333333336
NC_054687.1	1325000.0	59.625
NC_054687.1	1335000.0	69.8
NC_054687.1	1345000.0	69.54166666666667
NC_054687.1	1355000.0	74.0
NC_054687.1	1365000.0	66.54545454545455
NC_054687.1	1375000.0	71.63636363636364
NC_054687.1	1385000.0	68.03571428571429
NC_054687.1	1395000.0	0
NC_054688.1	5000.0	8.637931034482758
NC_054688.1	15000.0	29.25
NC_054688.1	25000.0	41.142857142857146
NC_054688.1	35000.0	53.82222222222222
NC_054688.1	45000.0	56.81111111111111
NC_054688.1	55000.0	58.009433962264154
NC_054688.1	65000.0	67.44117647058823
NC_054688.1	75000.0	71.77586206896552
NC_054688.1	85000.0	60.58695652173913
NC_054688.1	95000.0	67.0919540229885
NC_054688.1	105000.0	62.95238095238095
NC_054688.1	115000.0	61.949367088607595
NC_054688.1	125000.0	66.4076923076923
NC_054688.1	135000.0	69.89506172839506
NC_054688.1	145000.0	55.994219653179194
NC_054688.1	155000.0	59.55865921787709
NC_054688.1	165000.0	64.7231638418079
NC_054688.1	175000.0	63.95348837209303
NC_054688.1	185000.0	59.11764705882353
NC_054688.1	195000.0	66.47752808988764
NC_054688.1	205000.0	59.72932330827068
NC_054688.1	215000.0	59.37837837837838
NC_054688.1	225000.0	67.62068965517241
NC_054688.1	235000.0	76.30172413793103
NC_054688.1	245000.0	59.825688073394495
NC_054688.1	255000.0	56.66216216216216
NC_054688.1	265000.0	73.61818181818182
NC_054688.1	275000.0	80.5040650406504
NC_054688.1	285000.0	81.18604651162791
NC_054688.1	295000.0	78.47311827956989
NC_054688.1	305000.0	80.63247863247864
NC_054688.1	315000.0	79.95333333333333
NC_054688.1	325000.0	77.16535433070867
NC_054688.1	335000.0	77.68067226890756
NC_054688.1	345000.0	66.62087912087912
NC_054688.1	355000.0	63.549019607843135
NC_054688.1	365000.0	71.14473684210526
NC_054688.1	375000.0	78.04109589041096
NC_054688.1	385000.0	84.20183486238533
NC_054688.1	395000.0	65.41666666666667
NC_054688.1	405000.0	72.10687022900764
NC_054688.1	415000.0	64.79439252336448
NC_054688.1	425000.0	67.93243243243244
NC_054688.1	435000.0	71.10322580645162
NC_054688.1	445000.0	69.65972222222223
NC_054688.1	455000.0	67.68666666666667
NC_054688.1	465000.0	67.17156862745098
NC_054688.1	475000.0	59.23952095808383
NC_054688.1	485000.0	59.8936170212766
NC_054688.1	495000.0	62.654545454545456
NC_054688.1	505000.0	75.61538461538461
NC_054688.1	515000.0	54.0
NC_054688.1	525000.0	60.11764705882353
NC_054688.1	535000.0	0
NC_054688.1	545000.0	47.833333333333336
NC_054688.1	555000.0	80.11764705882354
NC_054688.1	565000.0	75.33333333333333
NC_054688.1	575000.0	75.33333333333333
NC_054688.1	585000.0	69.5
NC_054688.1	595000.0	74.6470588235294
NC_054688.1	605000.0	67.28571428571429
NC_054688.1	615000.0	69.28
NC_054688.1	625000.0	65.80645161290323
NC_054688.1	635000.0	16.727272727272727
NC_054688.1	645000.0	63.80952380952381
NC_054688.1	655000.0	64.06818181818181
NC_054688.1	665000.0	68.68
NC_054688.1	675000.0	69.67105263157895
NC_054688.1	685000.0	69.54545454545455
NC_054688.1	695000.0	66.25
NC_054688.1	705000.0	76.875
NC_054688.1	715000.0	81.77083333333333
NC_054688.1	725000.0	76.33333333333333
NC_054688.1	735000.0	75.14285714285714
NC_054688.1	745000.0	72.8
NC_054688.1	755000.0	76.0909090909091
NC_054688.1	765000.0	84.9375
NC_054688.1	775000.0	69.29411764705883
NC_054688.1	785000.0	68.16666666666667
NC_054688.1	795000.0	69.6875
NC_054688.1	805000.0	75.19417475728156
NC_054688.1	815000.0	73.23333333333333
NC_054688.1	825000.0	64.86666666666666
NC_054688.1	835000.0	67.07692307692308
NC_054688.1	845000.0	57.642857142857146
NC_054688.1	855000.0	64.24242424242425
NC_054688.1	865000.0	65.97037037037038
NC_054688.1	875000.0	72.90756302521008
NC_054688.1	885000.0	77.91823899371069
NC_054688.1	895000.0	54.21978021978022
NC_054688.1	905000.0	85.56190476190476
NC_054688.1	915000.0	91.64492753623189
NC_054688.1	925000.0	77.02325581395348
NC_054688.1	935000.0	79.5
NC_054688.1	945000.0	83.3069306930693
NC_054688.1	955000.0	81.83756345177665
NC_054688.1	965000.0	80.25531914893617
NC_054688.1	975000.0	73.9927536231884
NC_054688.1	985000.0	76.38356164383562
NC_054688.1	995000.0	67.3986013986014
NC_054688.1	1005000.0	68.86740331491713
NC_054688.1	1015000.0	79.03921568627452
NC_054688.1	1025000.0	81.4329268292683
NC_054688.1	1035000.0	74.43939393939394
NC_054688.1	1045000.0	72.70588235294117
NC_054688.1	1055000.0	65.57416267942584
NC_054688.1	1065000.0	74.15428571428572
NC_054688.1	1075000.0	67.79452054794521
NC_054688.1	1085000.0	63.0
NC_054688.1	1095000.0	58.507109004739334
NC_054688.1	1105000.0	64.46835443037975
NC_054688.1	1115000.0	68.87116564417178
NC_054688.1	1125000.0	69.32209737827715
NC_054688.1	1135000.0	62.27753303964758
NC_054688.1	1145000.0	59.73148148148148
NC_054688.1	1155000.0	62.47826086956522
NC_054688.1	1165000.0	66.84905660377359
NC_054688.1	1175000.0	66.68181818181819
NC_054688.1	1185000.0	69.25581395348837
NC_054688.1	1195000.0	67.32978723404256
NC_054688.1	1205000.0	68.66539923954373
NC_054688.1	1215000.0	73.58119658119658
NC_054688.1	1225000.0	65.43956043956044
NC_054688.1	1235000.0	58.7890625
NC_054688.1	1245000.0	58.7345971563981
NC_054688.1	1255000.0	59.3
NC_054688.1	1265000.0	57.83396226415094
NC_054688.1	1275000.0	59.767932489451475
NC_054688.1	1285000.0	63.33057851239669
NC_054688.1	1295000.0	60.645161290322584
NC_054688.1	1305000.0	59.67901234567901
NC_054688.1	1315000.0	64.06880733944953
NC_054688.1	1325000.0	66.22594142259415
NC_054688.1	1335000.0	71.66839378238342
NC_054688.1	1345000.0	77.30316742081448
NC_054688.1	1355000.0	73.421875
NC_054688.1	1365000.0	68.10326086956522
NC_054688.1	1375000.0	70.9375
NC_054688.1	1385000.0	72.33898305084746
NC_054688.1	1395000.0	67.07829181494662
NC_054688.1	1405000.0	68.33160621761658
NC_054688.1	1415000.0	65.99574468085106
NC_054688.1	1425000.0	64.1125
NC_054688.1	1435000.0	63.99618320610687
NC_054688.1	1445000.0	69.81818181818181
NC_054688.1	1455000.0	58.782407407407405
NC_054688.1	1465000.0	59.46666666666667
NC_054688.1	1475000.0	73.56275303643724
NC_054688.1	1485000.0	78.53731343283582
NC_054688.1	1495000.0	78.99242424242425
NC_054688.1	1505000.0	79.99
NC_054688.1	1515000.0	80.87142857142857
NC_054688.1	1525000.0	77.08424908424908
NC_054688.1	1535000.0	66.68062827225131
NC_054688.1	1545000.0	72.568281938326
NC_054688.1	1555000.0	70.34412955465586
NC_054688.1	1565000.0	61.82656826568266
NC_054688.1	1575000.0	70.65
NC_054688.1	1585000.0	71.41666666666667
NC_054688.1	1595000.0	75.68939393939394
NC_054688.1	1605000.0	58.26946107784431
NC_054688.1	1615000.0	0
NC_054689.1	5000.0	35.02127659574468
NC_054689.1	15000.0	64.06521739130434
NC_054689.1	25000.0	73.15942028985508
NC_054689.1	35000.0	72.75757575757575
NC_054689.1	45000.0	68.07462686567165
NC_054689.1	55000.0	62.86363636363637
NC_054689.1	65000.0	59.04651162790697
NC_054689.1	75000.0	60.72839506172839
NC_054689.1	85000.0	60.333333333333336
NC_054689.1	95000.0	65.98701298701299
NC_054689.1	105000.0	64.89887640449439
NC_054689.1	115000.0	63.54054054054054
NC_054689.1	125000.0	57.8
NC_054689.1	135000.0	83.0
NC_054689.1	145000.0	77.8125
NC_054689.1	155000.0	70.61904761904762
NC_054689.1	165000.0	66.8
NC_054689.1	175000.0	58.75
NC_054689.1	185000.0	67.0
NC_054689.1	195000.0	56.77777777777778
NC_054689.1	205000.0	55.333333333333336
NC_054689.1	215000.0	47.81395348837209
NC_054689.1	225000.0	64.05714285714286
NC_054689.1	235000.0	72.85714285714286
NC_054689.1	245000.0	82.07407407407408
NC_054689.1	255000.0	68.0
NC_054689.1	265000.0	66.5
NC_054689.1	275000.0	69.88888888888889
NC_054689.1	285000.0	64.77777777777777
NC_054689.1	295000.0	59.666666666666664
NC_054689.1	305000.0	69.0
NC_054689.1	315000.0	72.06896551724138
NC_054689.1	325000.0	63.333333333333336
NC_054689.1	335000.0	51.92307692307692
NC_054689.1	345000.0	74.9375
NC_054689.1	355000.0	77.26315789473684
NC_054689.1	365000.0	75.6
NC_054689.1	375000.0	71.67611336032388
NC_054689.1	385000.0	63.53846153846154
NC_054689.1	395000.0	65.85087719298245
NC_054689.1	405000.0	72.32916666666667
NC_054689.1	415000.0	73.68076923076923
NC_054689.1	425000.0	75.20370370370371
NC_054689.1	435000.0	69.66666666666667
NC_054689.1	445000.0	69.75
NC_054689.1	455000.0	67.16666666666667
NC_054689.1	465000.0	74.9493670886076
NC_054689.1	475000.0	70.85167464114832
NC_054689.1	485000.0	67.24528301886792
NC_054689.1	495000.0	62.09644670050761
NC_054689.1	505000.0	53.97391304347826
NC_054689.1	515000.0	38.44915254237288
NC_054689.1	525000.0	63.16535433070866
NC_054689.1	535000.0	58.57419354838709
NC_054689.1	545000.0	52.13529411764706
NC_054689.1	555000.0	72.45161290322581
NC_054689.1	565000.0	67.915
NC_054689.1	575000.0	71.30357142857143
NC_054689.1	585000.0	74.1840490797546
NC_054689.1	595000.0	66.82608695652173
NC_054689.1	605000.0	58.88135593220339
NC_054689.1	615000.0	54.58620689655172
NC_054689.1	625000.0	61.27142857142857
NC_054689.1	635000.0	57.92045454545455
NC_054689.1	645000.0	72.40329218106996
NC_054689.1	655000.0	62.86666666666667
NC_054689.1	665000.0	67.3768115942029
NC_054689.1	675000.0	77.50641025641026
NC_054689.1	685000.0	63.30434782608695
NC_054689.1	695000.0	75.25550660792952
NC_054689.1	705000.0	69.39444444444445
NC_054689.1	715000.0	63.5359477124183
NC_054689.1	725000.0	67.92181069958848
NC_054689.1	735000.0	68.08465608465609
NC_054689.1	745000.0	60.68691588785047
NC_054689.1	755000.0	61.36563876651982
NC_054689.1	765000.0	58.19753086419753
NC_054689.1	775000.0	56.51497005988024
NC_054689.1	785000.0	65.512077294686
NC_054689.1	795000.0	60.67005076142132
NC_054689.1	805000.0	57.19230769230769
NC_054689.1	815000.0	66.84018264840182
NC_054689.1	825000.0	64.89082969432314
NC_054689.1	835000.0	68.09550561797752
NC_054689.1	845000.0	70.90374331550802
NC_054689.1	855000.0	61.51851851851852
NC_054689.1	865000.0	65.58018867924528
NC_054689.1	875000.0	61.166666666666664
NC_054689.1	885000.0	64.11442786069652
NC_054689.1	895000.0	67.32718894009217
NC_054689.1	905000.0	65.3375796178344
NC_054689.1	915000.0	62.906474820143885
NC_054689.1	925000.0	61.588235294117645
NC_054689.1	935000.0	56.78448275862069
NC_054689.1	945000.0	59.121212121212125
NC_054689.1	955000.0	56.03414634146341
NC_054689.1	965000.0	58.70229007633588
NC_054689.1	975000.0	63.201438848920866
NC_054689.1	985000.0	64.11052631578947
NC_054689.1	995000.0	66.40425531914893
NC_054689.1	1005000.0	68.168
NC_054689.1	1015000.0	67.3875
NC_054689.1	1025000.0	75.92553191489361
NC_054689.1	1035000.0	85.368
NC_054689.1	1045000.0	80.52272727272727
NC_054689.1	1055000.0	77.16666666666667
NC_054689.1	1065000.0	72.39240506329114
NC_054689.1	1075000.0	69.20270270270271
NC_054689.1	1085000.0	68.41052631578947
NC_054689.1	1095000.0	63.97222222222222
NC_054689.1	1105000.0	68.2159090909091
NC_054689.1	1115000.0	72.6
NC_054689.1	1125000.0	68.81132075471699
NC_054689.1	1135000.0	77.79629629629629
NC_054689.1	1145000.0	67.42857142857143
NC_054689.1	1155000.0	69.6923076923077
NC_054689.1	1165000.0	72.05714285714286
NC_054689.1	1175000.0	49.88135593220339
NC_054689.1	1185000.0	57.76190476190476
NC_054689.1	1195000.0	60.71
NC_054689.1	1205000.0	62.0
NC_054689.1	1215000.0	64.05555555555556
NC_054689.1	1225000.0	63.370370370370374
NC_054689.1	1235000.0	63.70754716981132
NC_054689.1	1245000.0	70.87878787878788
NC_054689.1	1255000.0	65.0
NC_054689.1	1265000.0	61.21463414634146
NC_054689.1	1275000.0	74.60606060606061
NC_054689.1	1285000.0	66.06060606060606
NC_054689.1	1295000.0	69.22916666666667
NC_054689.1	1305000.0	74.60839160839161
NC_054689.1	1315000.0	69.00746268656717
NC_054689.1	1325000.0	69.5137614678899
NC_054689.1	1335000.0	67.828125
NC_054689.1	1345000.0	69.18691588785046
NC_054689.1	1355000.0	63.49333333333333
NC_054689.1	1365000.0	60.101694915254235
NC_054689.1	1375000.0	55.24460431654676
NC_054689.1	1385000.0	70.86206896551724
NC_054689.1	1395000.0	68.41509433962264
NC_054689.1	1405000.0	71.8
NC_054689.1	1415000.0	74.89075630252101
NC_054689.1	1425000.0	72.46308724832215
NC_054689.1	1435000.0	71.04301075268818
NC_054689.1	1445000.0	69.12269938650307
NC_054689.1	1455000.0	73.0251572327044
NC_054689.1	1465000.0	54.99363057324841
NC_054689.1	1475000.0	55.198019801980195
NC_054689.1	1485000.0	57.86585365853659
NC_054689.1	1495000.0	64.72093023255815
NC_054689.1	1505000.0	56.75609756097561
NC_054689.1	1515000.0	49.23571428571429
NC_054689.1	1525000.0	59.57142857142857
NC_054689.1	1535000.0	56.57142857142857
NC_054689.1	1545000.0	50.52238805970149
NC_054689.1	1555000.0	74.28282828282828
NC_054689.1	1565000.0	69.13333333333334
NC_054689.1	1575000.0	74.37383177570094
NC_054689.1	1585000.0	77.24603174603175
NC_054689.1	1595000.0	77.35106382978724
NC_054689.1	1605000.0	77.216
NC_054689.1	1615000.0	69.29126213592232
NC_054689.1	1625000.0	65.98412698412699
NC_054689.1	1635000.0	54.904761904761905
NC_054689.1	1645000.0	71.26271186440678
NC_054689.1	1655000.0	77.00934579439253
NC_054689.1	1665000.0	75.42857142857143
NC_054689.1	1675000.0	86.23923444976077
NC_054689.1	1685000.0	82.9322033898305
NC_054689.1	1695000.0	76.44859813084112
NC_054689.1	1705000.0	82.8936170212766
NC_054689.1	1715000.0	77.14102564102564
NC_054689.1	1725000.0	73.43478260869566
NC_054689.1	1735000.0	73.6086956521739
NC_054689.1	1745000.0	75.06716417910448
NC_054689.1	1755000.0	72.98181818181818
NC_054689.1	1765000.0	82.47524752475248
NC_054689.1	1775000.0	90.22388059701493
NC_054689.1	1785000.0	85.5126050420168
NC_054689.1	1795000.0	80.77777777777777
NC_054689.1	1805000.0	80.79661016949153
NC_054689.1	1815000.0	74.61386138613861
NC_054689.1	1825000.0	73.27380952380952
NC_054689.1	1835000.0	69.13953488372093
NC_054689.1	1845000.0	68.23645320197045
NC_054689.1	1855000.0	69.96153846153847
NC_054689.1	1865000.0	67.33653846153847
NC_054689.1	1875000.0	55.65
NC_054689.1	1885000.0	57.333333333333336
NC_054689.1	1895000.0	67.52380952380952
NC_054689.1	1905000.0	67.52397260273973
NC_054689.1	1915000.0	72.6778350515464
NC_054689.1	1925000.0	70.11834319526628
NC_054689.1	1935000.0	69.7603305785124
NC_054689.1	1945000.0	70.10843373493977
NC_054689.1	1955000.0	68.14049586776859
NC_054689.1	1965000.0	72.10759493670886
NC_054689.1	1975000.0	72.7433628318584
NC_054689.1	1985000.0	75.74166666666666
NC_054689.1	1995000.0	79.0972972972973
NC_054689.1	2005000.0	68.80794701986756
NC_054689.1	2015000.0	56.54666666666667
NC_054689.1	2025000.0	63.82945736434109
NC_054689.1	2035000.0	81.42168674698796
NC_054689.1	2045000.0	75.43859649122807
NC_054689.1	2055000.0	72.41875
NC_054689.1	2065000.0	71.28358208955224
NC_054689.1	2075000.0	53.333333333333336
NC_054689.1	2085000.0	60.787234042553195
NC_054689.1	2095000.0	67.05882352941177
NC_054689.1	2105000.0	70.82
NC_054689.1	2115000.0	75.09160305343511
NC_054689.1	2125000.0	81.5234375
NC_054689.1	2135000.0	68.6590909090909
NC_054689.1	2145000.0	77.80263157894737
NC_054689.1	2155000.0	82.90756302521008
NC_054689.1	2165000.0	83.51239669421487
NC_054689.1	2175000.0	69.61971830985915
NC_054689.1	2185000.0	58.87378640776699
NC_054689.1	2195000.0	58.419642857142854
NC_054689.1	2205000.0	52.802083333333336
NC_054689.1	2215000.0	63.612612612612615
NC_054689.1	2225000.0	60.02614379084967
NC_054689.1	2235000.0	59.333333333333336
NC_054689.1	2245000.0	57.78846153846154
NC_054689.1	2255000.0	48.01851851851852
NC_054689.1	2265000.0	62.41353383458647
NC_054689.1	2275000.0	63.05263157894737
NC_054689.1	2285000.0	69.40119760479043
NC_054689.1	2295000.0	72.42690058479532
NC_054689.1	2305000.0	67.18857142857142
NC_054689.1	2315000.0	75.38993710691824
NC_054689.1	2325000.0	71.98461538461538
NC_054689.1	2335000.0	70.86147186147186
NC_054689.1	2345000.0	76.52331606217616
NC_054689.1	2355000.0	71.29133858267717
NC_054689.1	2365000.0	72.08181818181818
NC_054689.1	2375000.0	68.43835616438356
NC_054689.1	2385000.0	67.21019108280255
NC_054689.1	2395000.0	79.9245283018868
NC_054689.1	2405000.0	91.50295857988165
NC_054689.1	2415000.0	86.07878787878788
NC_054689.1	2425000.0	78.86184210526316
NC_054689.1	2435000.0	63.0989010989011
NC_054689.1	2445000.0	68.01694915254237
NC_054689.1	2455000.0	70.41269841269842
NC_054689.1	2465000.0	72.56565656565657
NC_054689.1	2475000.0	67.88505747126437
NC_054689.1	2485000.0	72.81656804733728
NC_054689.1	2495000.0	79.39473684210526
NC_054689.1	2505000.0	78.93236714975845
NC_054689.1	2515000.0	71.776
NC_054689.1	2525000.0	63.82
NC_054689.1	2535000.0	58.83783783783784
NC_054689.1	2545000.0	63.706382978723404
NC_054689.1	2555000.0	72.52226720647774
NC_054689.1	2565000.0	68.27649769585254
NC_054689.1	2575000.0	75.28828828828829
NC_054689.1	2585000.0	73.95121951219512
NC_054689.1	2595000.0	76.33730158730158
NC_054689.1	2605000.0	75.11914893617022
NC_054689.1	2615000.0	75.68263473053892
NC_054689.1	2625000.0	67.78835978835978
NC_054689.1	2635000.0	64.4113924050633
NC_054689.1	2645000.0	61.28787878787879
NC_054689.1	2655000.0	66.03378378378379
NC_054689.1	2665000.0	73.57364341085271
NC_054689.1	2675000.0	66.91919191919192
NC_054689.1	2685000.0	77.36320754716981
NC_054689.1	2695000.0	70.42696629213484
NC_054689.1	2705000.0	72.04736842105264
NC_054689.1	2715000.0	68.27896995708154
NC_054689.1	2725000.0	71.35496183206106
NC_054689.1	2735000.0	78.16
NC_054689.1	2745000.0	75.93867924528301
NC_054689.1	2755000.0	64.18811881188118
NC_054689.1	2765000.0	67.68281938325991
NC_054689.1	2775000.0	63.10460251046025
NC_054689.1	2785000.0	65.28294573643412
NC_054689.1	2795000.0	66.4131455399061
NC_054689.1	2805000.0	59.571955719557195
NC_054689.1	2815000.0	69.31800766283524
NC_054689.1	2825000.0	76.63265306122449
NC_054689.1	2835000.0	82.34299516908213
NC_054689.1	2845000.0	77.67298578199052
NC_054689.1	2855000.0	80.09180327868853
NC_054689.1	2865000.0	79.90079365079364
NC_054689.1	2875000.0	83.47286821705427
NC_054689.1	2885000.0	72.48581560283688
NC_054689.1	2895000.0	68.46043165467626
NC_054689.1	2905000.0	70.9090909090909
NC_054689.1	2915000.0	83.64444444444445
NC_054689.1	2925000.0	48.142857142857146
NC_054689.1	2935000.0	4.0
NC_054689.1	2945000.0	0
NC_054690.1	5000.0	25.137931034482758
NC_054690.1	15000.0	25.818181818181817
NC_054690.1	25000.0	26.25
NC_054690.1	35000.0	58.0
NC_054690.1	45000.0	63.625
NC_054690.1	55000.0	53.76923076923077
NC_054690.1	65000.0	38.8
NC_054690.1	75000.0	60.34375
NC_054690.1	85000.0	60.10909090909091
NC_054690.1	95000.0	72.42857142857143
NC_054690.1	105000.0	78.14545454545454
NC_054690.1	115000.0	78.325
NC_054690.1	125000.0	69.02777777777777
NC_054690.1	135000.0	60.436708860759495
NC_054690.1	145000.0	59.13907284768212
NC_054690.1	155000.0	59.98692810457516
NC_054690.1	165000.0	55.386243386243386
NC_054690.1	175000.0	55.936619718309856
NC_054690.1	185000.0	63.883116883116884
NC_054690.1	195000.0	59.6751269035533
NC_054690.1	205000.0	63.5
NC_054690.1	215000.0	63.84761904761905
NC_054690.1	225000.0	62.834782608695654
NC_054690.1	235000.0	61.111111111111114
NC_054690.1	245000.0	67.19672131147541
NC_054690.1	255000.0	66.82978723404256
NC_054690.1	265000.0	67.11111111111111
NC_054690.1	275000.0	64.53763440860214
NC_054690.1	285000.0	68.33064516129032
NC_054690.1	295000.0	70.52380952380952
NC_054690.1	305000.0	77.98701298701299
NC_054690.1	315000.0	70.73684210526316
NC_054690.1	325000.0	69.64285714285714
NC_054690.1	335000.0	67.73863636363636
NC_054690.1	345000.0	75.25301204819277
NC_054690.1	355000.0	61.40425531914894
NC_054690.1	365000.0	64.13953488372093
NC_054690.1	375000.0	71.72340425531915
NC_054690.1	385000.0	69.70689655172414
NC_054690.1	395000.0	72.2280701754386
NC_054690.1	405000.0	77.2135922330097
NC_054690.1	415000.0	78.80555555555556
NC_054690.1	425000.0	72.29411764705883
NC_054690.1	435000.0	68.93333333333334
NC_054690.1	445000.0	79.54054054054055
NC_054690.1	455000.0	73.15789473684211
NC_054690.1	465000.0	80.0
NC_054690.1	475000.0	77.05797101449275
NC_054690.1	485000.0	77.77272727272727
NC_054690.1	495000.0	73.46938775510205
NC_054690.1	505000.0	66.32142857142857
NC_054690.1	515000.0	64.21621621621621
NC_054690.1	525000.0	74.11627906976744
NC_054690.1	535000.0	90.21428571428571
NC_054690.1	545000.0	83.53333333333333
NC_054690.1	555000.0	70.75
NC_054690.1	565000.0	67.9076923076923
NC_054690.1	575000.0	68.54545454545455
NC_054690.1	585000.0	68.88888888888889
NC_054690.1	595000.0	68.97560975609755
NC_054690.1	605000.0	76.98148148148148
NC_054690.1	615000.0	74.40229885057471
NC_054690.1	625000.0	66.13076923076923
NC_054690.1	635000.0	66.35632183908046
NC_054690.1	645000.0	71.27272727272727
NC_054690.1	655000.0	75.4
NC_054690.1	665000.0	82.025
NC_054690.1	675000.0	59.891891891891895
NC_054690.1	685000.0	64.59036144578313
NC_054690.1	695000.0	79.0989010989011
NC_054690.1	705000.0	82.30357142857143
NC_054690.1	715000.0	85.3108108108108
NC_054690.1	725000.0	75.47368421052632
NC_054690.1	735000.0	68.32352941176471
NC_054690.1	745000.0	73.87755102040816
NC_054690.1	755000.0	74.98648648648648
NC_054690.1	765000.0	70.07352941176471
NC_054690.1	775000.0	67.84931506849315
NC_054690.1	785000.0	55.89393939393939
NC_054690.1	795000.0	57.12162162162162
NC_054690.1	805000.0	57.847457627118644
NC_054690.1	815000.0	70.43010752688173
NC_054690.1	825000.0	79.32075471698113
NC_054690.1	835000.0	78.3047619047619
NC_054690.1	845000.0	74.63461538461539
NC_054690.1	855000.0	70.71212121212122
NC_054690.1	865000.0	71.76785714285714
NC_054690.1	875000.0	77.67441860465117
NC_054690.1	885000.0	68.81521739130434
NC_054690.1	895000.0	61.0353982300885
NC_054690.1	905000.0	61.75757575757576
NC_054690.1	915000.0	72.9493670886076
NC_054690.1	925000.0	74.25714285714285
NC_054690.1	935000.0	74.50819672131148
NC_054690.1	945000.0	79.63218390804597
NC_054690.1	955000.0	77.46153846153847
NC_054690.1	965000.0	72.60714285714286
NC_054690.1	975000.0	72.42682926829268
NC_054690.1	985000.0	53.5
NC_054690.1	995000.0	51.57142857142857
NC_054690.1	1005000.0	63.744360902255636
NC_054690.1	1015000.0	66.12068965517241
NC_054690.1	1025000.0	68.09375
NC_054690.1	1035000.0	71.38518518518518
NC_054690.1	1045000.0	78.68387096774194
NC_054690.1	1055000.0	70.53777777777778
NC_054690.1	1065000.0	61.3125
NC_054690.1	1075000.0	73.07035175879398
NC_054690.1	1085000.0	76.44594594594595
NC_054690.1	1095000.0	68.70108695652173
NC_054690.1	1105000.0	61.42672413793103
NC_054690.1	1115000.0	63.6
NC_054690.1	1125000.0	71.88625592417061
NC_054690.1	1135000.0	80.82051282051282
NC_054690.1	1145000.0	78.52173913043478
NC_054690.1	1155000.0	78.01960784313725
NC_054690.1	1165000.0	80.70161290322581
NC_054690.1	1175000.0	61.729729729729726
NC_054690.1	1185000.0	68.87727272727273
NC_054690.1	1195000.0	76.076
NC_054690.1	1205000.0	80.76502732240438
NC_054690.1	1215000.0	69.63687150837988
NC_054690.1	1225000.0	70.29245283018868
NC_054690.1	1235000.0	70.63230240549828
NC_054690.1	1245000.0	60.672811059907836
NC_054690.1	1255000.0	66.81165919282512
NC_054690.1	1265000.0	67.7967032967033
NC_054690.1	1275000.0	50.888888888888886
NC_054690.1	1285000.0	52.83794466403162
NC_054690.1	1295000.0	60.484848484848484
NC_054690.1	1305000.0	64.88412017167381
NC_054690.1	1315000.0	68.88584474885845
NC_054690.1	1325000.0	71.44642857142857
NC_054690.1	1335000.0	76.02688172043011
NC_054690.1	1345000.0	77.875
NC_054690.1	1355000.0	78.66009852216749
NC_054690.1	1365000.0	79.67224080267559
NC_054690.1	1375000.0	70.04326923076923
NC_054690.1	1385000.0	69.07926829268293
NC_054690.1	1395000.0	67.62408759124088
NC_054690.1	1405000.0	72.568
NC_054690.1	1415000.0	67.78846153846153
NC_054690.1	1425000.0	66.01363636363637
NC_054690.1	1435000.0	73.21097046413502
NC_054690.1	1445000.0	76.44827586206897
NC_054690.1	1455000.0	61.459016393442624
NC_054690.1	1465000.0	52.72641509433962
NC_054690.1	1475000.0	78.56488549618321
NC_054690.1	1485000.0	89.01081081081081
NC_054690.1	1495000.0	83.54430379746836
NC_054690.1	1505000.0	85.80423280423281
NC_054690.1	1515000.0	65.33986928104575
NC_054690.1	1525000.0	41.01081081081081
NC_054690.1	1535000.0	44.817460317460316
NC_054690.1	1545000.0	61.34736842105263
NC_054690.1	1555000.0	70.85561497326204
NC_054690.1	1565000.0	67.7125748502994
NC_054690.1	1575000.0	67.07142857142857
NC_054690.1	1585000.0	65.37790697674419
NC_054690.1	1595000.0	66.59715639810426
NC_054690.1	1605000.0	57.2530612244898
NC_054690.1	1615000.0	52.84251968503937
NC_054690.1	1625000.0	54.92125984251968
NC_054690.1	1635000.0	63.29032258064516
NC_054690.1	1645000.0	68.67375886524823
NC_054690.1	1655000.0	69.76170212765958
NC_054690.1	1665000.0	64.62732919254658
NC_054690.1	1675000.0	51.892857142857146
NC_054690.1	1685000.0	55.0551724137931
NC_054690.1	1695000.0	49.40416666666667
NC_054690.1	1705000.0	44.55
NC_054690.1	1715000.0	60.80935251798561
NC_054690.1	1725000.0	77.00943396226415
NC_054690.1	1735000.0	85.57894736842105
NC_054690.1	1745000.0	82.50632911392405
NC_054690.1	1755000.0	78.23383084577114
NC_054690.1	1765000.0	65.36254980079681
NC_054690.1	1775000.0	69.01357466063348
NC_054690.1	1785000.0	77.9795918367347
NC_054690.1	1795000.0	78.53571428571429
NC_054690.1	1805000.0	75.92746113989638
NC_054690.1	1815000.0	68.39234449760765
NC_054690.1	1825000.0	64.68681318681318
NC_054690.1	1835000.0	71.49479166666667
NC_054690.1	1845000.0	76.4
NC_054690.1	1855000.0	65.50847457627118
NC_054690.1	1865000.0	30.617021276595743
NC_054690.1	1875000.0	41.220338983050844
NC_054690.1	1885000.0	93.72043010752688
NC_054690.1	1895000.0	78.88297872340425
NC_054690.1	1905000.0	73.54621848739495
NC_054690.1	1915000.0	70.49180327868852
NC_054690.1	1925000.0	52.8421052631579
NC_054690.1	1935000.0	62.0
NC_054690.1	1945000.0	64.61728395061728
NC_054690.1	1955000.0	68.88541666666667
NC_054690.1	1965000.0	57.35057471264368
NC_054690.1	1975000.0	53.891304347826086
NC_054690.1	1985000.0	64.8110599078341
NC_054690.1	1995000.0	69.62111801242236
NC_054690.1	2005000.0	71.82467532467533
NC_054690.1	2015000.0	64.45370370370371
NC_054690.1	2025000.0	72.26395939086295
NC_054690.1	2035000.0	76.12903225806451
NC_054690.1	2045000.0	82.39106145251397
NC_054690.1	2055000.0	67.87662337662337
NC_054690.1	2065000.0	66.96370967741936
NC_054690.1	2075000.0	71.09950248756219
NC_054690.1	2085000.0	77.0762331838565
NC_054690.1	2095000.0	72.75478927203065
NC_054690.1	2105000.0	67.53757225433526
NC_054690.1	2115000.0	56.166666666666664
NC_054690.1	2125000.0	59.25
NC_054690.1	2135000.0	46.2
NC_054690.1	2145000.0	60.15384615384615
NC_054690.1	2155000.0	58.625
NC_054690.1	2165000.0	67.41346153846153
NC_054690.1	2175000.0	75.8688524590164
NC_054690.1	2185000.0	76.0327868852459
NC_054690.1	2195000.0	73.63157894736842
NC_054690.1	2205000.0	77.21942446043165
NC_054690.1	2215000.0	67.64444444444445
NC_054690.1	2225000.0	63.074380165289256
NC_054690.1	2235000.0	62.547325102880656
NC_054690.1	2245000.0	61.04210526315789
NC_054690.1	2255000.0	63.62629757785467
NC_054690.1	2265000.0	52.498338870431894
NC_054690.1	2275000.0	54.598958333333336
NC_054690.1	2285000.0	49.920212765957444
NC_054690.1	2295000.0	68.35576923076923
NC_054690.1	2305000.0	70.53048780487805
NC_054690.1	2315000.0	68.27167630057804
NC_054690.1	2325000.0	73.09767441860465
NC_054690.1	2335000.0	78.16379310344827
NC_054690.1	2345000.0	75.58857142857143
NC_054690.1	2355000.0	79.21014492753623
NC_054690.1	2365000.0	66.7080291970803
NC_054690.1	2375000.0	64.72592592592592
NC_054690.1	2385000.0	69.72131147540983
NC_054690.1	2395000.0	68.69791666666667
NC_054690.1	2405000.0	49.645161290322584
NC_054690.1	2415000.0	61.522222222222226
NC_054690.1	2425000.0	67.06896551724138
NC_054690.1	2435000.0	73.91463414634147
NC_054690.1	2445000.0	73.9578947368421
NC_054690.1	2455000.0	81.92592592592592
NC_054690.1	2465000.0	86.375
NC_054690.1	2475000.0	73.140625
NC_054690.1	2485000.0	51.45360824742268
NC_054690.1	2495000.0	62.63309352517986
NC_054690.1	2505000.0	76.96402877697842
NC_054690.1	2515000.0	79.31858407079646
NC_054690.1	2525000.0	80.6793893129771
NC_054690.1	2535000.0	72.55284552845528
NC_054690.1	2545000.0	76.49586776859505
NC_054690.1	2555000.0	74.81987577639751
NC_054690.1	2565000.0	81.3953488372093
NC_054690.1	2575000.0	82.64102564102564
NC_054690.1	2585000.0	73.69354838709677
NC_054690.1	2595000.0	73.37209302325581
NC_054690.1	2605000.0	67.55208333333333
NC_054690.1	2615000.0	76.66666666666667
NC_054690.1	2625000.0	73.36842105263158
NC_054690.1	2635000.0	66.08333333333333
NC_054690.1	2645000.0	64.09411764705882
NC_054690.1	2655000.0	47.325301204819276
NC_054690.1	2665000.0	32.61818181818182
NC_054690.1	2675000.0	58.90909090909091
NC_054690.1	2685000.0	66.92307692307692
NC_054690.1	2695000.0	68.31343283582089
NC_054690.1	2705000.0	0
NC_054690.1	2715000.0	65.89655172413794
NC_054690.1	2725000.0	70.98113207547169
NC_054690.1	2735000.0	77.01851851851852
NC_054690.1	2745000.0	79.5909090909091
NC_054690.1	2755000.0	77.24324324324324
NC_054690.1	2765000.0	66.62135922330097
NC_054690.1	2775000.0	65.04761904761905
NC_054690.1	2785000.0	61.51127819548872
NC_054690.1	2795000.0	83.07246376811594
NC_054690.1	2805000.0	76.125
NC_054690.1	2815000.0	68.0875
NC_054690.1	2825000.0	61.1625
NC_054690.1	2835000.0	59.16867469879518
NC_054690.1	2845000.0	42.242105263157896
NC_054690.1	2855000.0	60.30434782608695
NC_054690.1	2865000.0	78.23931623931624
NC_054690.1	2875000.0	77.46153846153847
NC_054690.1	2885000.0	78.23188405797102
NC_054690.1	2895000.0	87.48148148148148
NC_054690.1	2905000.0	77.02352941176471
NC_054690.1	2915000.0	68.71653543307086
NC_054690.1	2925000.0	54.425
NC_054690.1	2935000.0	71.16279069767442
NC_054690.1	2945000.0	78.22784810126582
NC_054690.1	2955000.0	65.21014492753623
NC_054690.1	2965000.0	70.03973509933775
NC_054690.1	2975000.0	85.81481481481481
NC_054690.1	2985000.0	79.0551724137931
NC_054690.1	2995000.0	65.47058823529412
NC_054690.1	3005000.0	78.62337662337663
NC_054690.1	3015000.0	71.8030303030303
NC_054690.1	3025000.0	65.91891891891892
NC_054690.1	3035000.0	65.63492063492063
NC_054690.1	3045000.0	73.98507462686567
NC_054690.1	3055000.0	64.37254901960785
NC_054690.1	3065000.0	72.39473684210526
NC_054690.1	3075000.0	69.08333333333333
NC_054690.1	3085000.0	73.36666666666666
NC_054690.1	3095000.0	72.77083333333333
NC_054690.1	3105000.0	62.76315789473684
NC_054690.1	3115000.0	66.53488372093024
NC_054690.1	3125000.0	44.24390243902439
NC_054690.1	3135000.0	61.12396694214876
NC_054690.1	3145000.0	83.36734693877551
NC_054690.1	3155000.0	86.80193236714976
NC_054690.1	3165000.0	69.69444444444444
NC_054690.1	3175000.0	51.417910447761194
NC_054690.1	3185000.0	73.08943089430895
NC_054690.1	3195000.0	77.8984771573604
NC_054690.1	3205000.0	78.90277777777777
NC_054690.1	3215000.0	81.47619047619048
NC_054690.1	3225000.0	80.95238095238095
NC_054690.1	3235000.0	70.88617886178862
NC_054690.1	3245000.0	73.0979020979021
NC_054690.1	3255000.0	73.4095238095238
NC_054690.1	3265000.0	55.467032967032964
NC_054690.1	3275000.0	61.158590308370044
NC_054690.1	3285000.0	68.34722222222223
NC_054690.1	3295000.0	68.15044247787611
NC_054690.1	3305000.0	70.6788990825688
NC_054690.1	3315000.0	65.62962962962963
NC_054690.1	3325000.0	72.48181818181818
NC_054690.1	3335000.0	80.36206896551724
NC_054690.1	3345000.0	78.40625
NC_054690.1	3355000.0	78.29861111111111
NC_054690.1	3365000.0	76.0909090909091
NC_054690.1	3375000.0	86.95435684647303
NC_054690.1	3385000.0	79.8125
NC_054690.1	3395000.0	71.44025157232704
NC_054690.1	3405000.0	71.82828282828282
NC_054690.1	3415000.0	67.1219512195122
NC_054690.1	3425000.0	72.01010101010101
NC_054690.1	3435000.0	72.89830508474576
NC_054690.1	3445000.0	73.67460317460318
NC_054690.1	3455000.0	68.04545454545455
NC_054690.1	3465000.0	70.2605633802817
NC_054690.1	3475000.0	54.02777777777778
NC_054690.1	3485000.0	52.8014705882353
NC_054690.1	3495000.0	65.39805825242719
NC_054690.1	3505000.0	76.08823529411765
NC_054690.1	3515000.0	84.13422818791946
NC_054690.1	3525000.0	75.12213740458016
NC_054690.1	3535000.0	78.86
NC_054690.1	3545000.0	73.62328767123287
NC_054690.1	3555000.0	70.47014925373135
NC_054690.1	3565000.0	78.78095238095239
NC_054690.1	3575000.0	71.30434782608695
NC_054690.1	3585000.0	76.4
NC_054690.1	3595000.0	65.05844155844156
NC_054690.1	3605000.0	80.85820895522389
NC_054690.1	3615000.0	85.85507246376811
NC_054690.1	3625000.0	90.12727272727273
NC_054690.1	3635000.0	79.88
NC_054690.1	3645000.0	73.09375
NC_054690.1	3655000.0	64.2803738317757
NC_054690.1	3665000.0	73.00613496932516
NC_054690.1	3675000.0	62.33898305084746
NC_054690.1	3685000.0	68.22285714285714
NC_054690.1	3695000.0	75.74611398963731
NC_054690.1	3705000.0	67.47191011235955
NC_054690.1	3715000.0	73.58050847457628
NC_054690.1	3725000.0	72.0229357798165
NC_054690.1	3735000.0	78.34859154929578
NC_054690.1	3745000.0	71.68075117370893
NC_054690.1	3755000.0	74.38095238095238
NC_054690.1	3765000.0	76.43884892086331
NC_054690.1	3775000.0	68.72972972972973
NC_054690.1	3785000.0	67.22222222222223
NC_054690.1	3795000.0	70.66666666666667
NC_054690.1	3805000.0	62.80952380952381
NC_054690.1	3815000.0	41.0
NC_054690.1	3825000.0	33.5
NC_054690.1	3835000.0	135.63636363636363
NC_054690.1	3845000.0	252.60416666666666
NC_054690.1	3855000.0	0
