chromosome	coordinate	lengths
NC_054682.1	5000.0	9.206896551724139
NC_054682.1	15000.0	34.0
NC_054682.1	25000.0	100.25925925925925
NC_054682.1	35000.0	100.86619718309859
NC_054682.1	45000.0	53.11538461538461
NC_054682.1	55000.0	23.726666666666667
NC_054682.1	65000.0	58.311688311688314
NC_054682.1	75000.0	48.976377952755904
NC_054682.1	85000.0	47.61654135338346
NC_054682.1	95000.0	48.38636363636363
NC_054682.1	105000.0	46.661764705882355
NC_054682.1	115000.0	38.031007751937985
NC_054682.1	125000.0	5.808
NC_054682.1	135000.0	5.955882352941177
NC_054682.1	145000.0	46.41095890410959
NC_054682.1	155000.0	51.088050314465406
NC_054682.1	165000.0	46.09230769230769
NC_054682.1	175000.0	5.644736842105263
NC_054682.1	185000.0	36.57971014492754
NC_054682.1	195000.0	24.361290322580643
NC_054682.1	205000.0	79.87591240875912
NC_054682.1	215000.0	40.06015037593985
NC_054682.1	225000.0	10.068965517241379
NC_054682.1	235000.0	51.91150442477876
NC_054682.1	245000.0	15.022727272727273
NC_054682.1	255000.0	27.285714285714285
NC_054682.1	265000.0	9.208333333333334
NC_054682.1	275000.0	0
NC_054683.1	5000.0	0
NC_054683.1	15000.0	0
NC_054683.1	25000.0	38.78125
NC_054683.1	35000.0	70.27397260273973
NC_054683.1	45000.0	103.19620253164557
NC_054683.1	55000.0	115.8344827586207
NC_054683.1	65000.0	137.89473684210526
NC_054683.1	75000.0	117.3112582781457
NC_054683.1	85000.0	102.91304347826087
NC_054683.1	95000.0	127.61333333333333
NC_054683.1	105000.0	109.34640522875817
NC_054683.1	115000.0	172.87218045112783
NC_054683.1	125000.0	118.38805970149254
NC_054683.1	135000.0	91.578125
NC_054683.1	145000.0	73.41044776119404
NC_054683.1	155000.0	34.520833333333336
NC_054683.1	165000.0	62.343283582089555
NC_054683.1	175000.0	52.51145038167939
NC_054683.1	185000.0	24.170068027210885
NC_054683.1	195000.0	55.29770992366412
NC_054683.1	205000.0	49.40689655172414
NC_054683.1	215000.0	57.857142857142854
NC_054683.1	225000.0	55.721804511278194
NC_054683.1	235000.0	55.1015625
NC_054683.1	245000.0	57.36923076923077
NC_054683.1	255000.0	64.89922480620154
NC_054683.1	265000.0	45.0514705882353
NC_054683.1	275000.0	75.83064516129032
NC_054683.1	285000.0	71.85826771653544
NC_054683.1	295000.0	61.118110236220474
NC_054683.1	305000.0	57.1
NC_054683.1	315000.0	55.645390070921984
NC_054683.1	325000.0	52.443708609271525
NC_054683.1	335000.0	38.765151515151516
NC_054683.1	345000.0	28.714285714285715
NC_054683.1	355000.0	5.048
NC_054683.1	365000.0	0
NC_054683.1	375000.0	2.295238095238095
NC_054683.1	385000.0	1.7906976744186047
NC_054683.1	395000.0	4.4
NC_054683.1	405000.0	3.6777777777777776
NC_054683.1	415000.0	5.018518518518518
NC_054683.1	425000.0	6.484848484848484
NC_054683.1	435000.0	0
NC_054683.1	445000.0	0
NC_054683.1	455000.0	16.916666666666668
NC_054683.1	465000.0	0
NC_054684.1	5000.0	0
NC_054684.1	15000.0	0
NC_054684.1	25000.0	56.292929292929294
NC_054684.1	35000.0	28.9618320610687
NC_054684.1	45000.0	33.603896103896105
NC_054684.1	55000.0	27.008064516129032
NC_054684.1	65000.0	3.857142857142857
NC_054684.1	75000.0	55.56198347107438
NC_054684.1	85000.0	60.42307692307692
NC_054684.1	95000.0	57.853846153846156
NC_054684.1	105000.0	26.79090909090909
NC_054684.1	115000.0	69.3298969072165
NC_054684.1	125000.0	70.38095238095238
NC_054684.1	135000.0	26.17808219178082
NC_054684.1	145000.0	11.85820895522388
NC_054684.1	155000.0	25.72027972027972
NC_054684.1	165000.0	14.033112582781458
NC_054684.1	175000.0	2.73109243697479
NC_054684.1	185000.0	9.144329896907216
NC_054684.1	195000.0	9.955974842767295
NC_054684.1	205000.0	42.276315789473685
NC_054684.1	215000.0	48.02758620689655
NC_054684.1	225000.0	31.282894736842106
NC_054684.1	235000.0	32.81679389312977
NC_054684.1	245000.0	41.96268656716418
NC_054684.1	255000.0	36.75590551181102
NC_054684.1	265000.0	36.21897810218978
NC_054684.1	275000.0	29.089430894308943
NC_054684.1	285000.0	11.59047619047619
NC_054684.1	295000.0	14.912698412698413
NC_054684.1	305000.0	17.76691729323308
NC_054684.1	315000.0	11.89864864864865
NC_054684.1	325000.0	35.255319148936174
NC_054684.1	335000.0	51.693430656934304
NC_054684.1	345000.0	32.04545454545455
NC_054684.1	355000.0	34.07913669064748
NC_054684.1	365000.0	33.767605633802816
NC_054684.1	375000.0	58.798449612403104
NC_054684.1	385000.0	38.56375838926174
NC_054684.1	395000.0	42.828947368421055
NC_054684.1	405000.0	48.4635761589404
NC_054684.1	415000.0	47.971830985915496
NC_054684.1	425000.0	73.3680981595092
NC_054684.1	435000.0	44.329268292682926
NC_054684.1	445000.0	63.25694444444444
NC_054684.1	455000.0	48.11842105263158
NC_054684.1	465000.0	87.73049645390071
NC_054684.1	475000.0	57.946236559139784
NC_054684.1	485000.0	32.65217391304348
NC_054684.1	495000.0	47.640625
NC_054684.1	505000.0	55.023622047244096
NC_054684.1	515000.0	80.54263565891473
NC_054684.1	525000.0	75.40163934426229
NC_054684.1	535000.0	79.91596638655462
NC_054684.1	545000.0	54.41025641025641
NC_054684.1	555000.0	16.7125
NC_054684.1	565000.0	37.010989010989015
NC_054684.1	575000.0	24.303571428571427
NC_054684.1	585000.0	32.25555555555555
NC_054684.1	595000.0	7.545454545454546
NC_054684.1	605000.0	0
NC_054685.1	5000.0	0
NC_054685.1	15000.0	37.91588785046729
NC_054685.1	25000.0	99.08163265306122
NC_054685.1	35000.0	87.14880952380952
NC_054685.1	45000.0	85.06586826347305
NC_054685.1	55000.0	98.40361445783132
NC_054685.1	65000.0	97.31927710843374
NC_054685.1	75000.0	63.05161290322581
NC_054685.1	85000.0	50.71165644171779
NC_054685.1	95000.0	78.49006622516556
NC_054685.1	105000.0	72.875
NC_054685.1	115000.0	89.6319018404908
NC_054685.1	125000.0	58.03977272727273
NC_054685.1	135000.0	49.372549019607845
NC_054685.1	145000.0	72.16774193548387
NC_054685.1	155000.0	50.69672131147541
NC_054685.1	165000.0	30.746376811594203
NC_054685.1	175000.0	42.94871794871795
NC_054685.1	185000.0	42.285714285714285
NC_054685.1	195000.0	76.49090909090908
NC_054685.1	205000.0	44.72357723577236
NC_054685.1	215000.0	46.07692307692308
NC_054685.1	225000.0	66.03030303030303
NC_054685.1	235000.0	60.375
NC_054685.1	245000.0	54.8
NC_054685.1	255000.0	68.25384615384615
NC_054685.1	265000.0	77.784
NC_054685.1	275000.0	67.91150442477876
NC_054685.1	285000.0	41.806451612903224
NC_054685.1	295000.0	41.990196078431374
NC_054685.1	305000.0	64.8
NC_054685.1	315000.0	69.91851851851852
NC_054685.1	325000.0	76.90350877192982
NC_054685.1	335000.0	83.74803149606299
NC_054685.1	345000.0	89.54887218045113
NC_054685.1	355000.0	104.90350877192982
NC_054685.1	365000.0	95.63106796116504
NC_054685.1	375000.0	91.29166666666667
NC_054685.1	385000.0	119.11764705882354
NC_054685.1	395000.0	126.86567164179104
NC_054685.1	405000.0	132.0
NC_054685.1	415000.0	139.975
NC_054685.1	425000.0	108.93661971830986
NC_054685.1	435000.0	111.34782608695652
NC_054685.1	445000.0	93.77551020408163
NC_054685.1	455000.0	135.54140127388536
NC_054685.1	465000.0	113.448
NC_054685.1	475000.0	95.11607142857143
NC_054685.1	485000.0	119.0
NC_054685.1	495000.0	151.57037037037037
NC_054685.1	505000.0	117.39285714285714
NC_054685.1	515000.0	115.78787878787878
NC_054685.1	525000.0	118.20422535211267
NC_054685.1	535000.0	125.71014492753623
NC_054685.1	545000.0	107.4375
NC_054685.1	555000.0	88.46666666666667
NC_054685.1	565000.0	136.5103448275862
NC_054685.1	575000.0	97.60958904109589
NC_054685.1	585000.0	116.59398496240601
NC_054685.1	595000.0	116.31386861313868
NC_054685.1	605000.0	119.66176470588235
NC_054685.1	615000.0	91.46451612903226
NC_054685.1	625000.0	67.86127167630057
NC_054685.1	635000.0	65.6734693877551
NC_054685.1	645000.0	80.72535211267606
NC_054685.1	655000.0	93.42335766423358
NC_054685.1	665000.0	114.06153846153846
NC_054685.1	675000.0	115.07352941176471
NC_054685.1	685000.0	78.1830985915493
NC_054685.1	695000.0	46.923611111111114
NC_054685.1	705000.0	122.7279411764706
NC_054685.1	715000.0	90.47945205479452
NC_054685.1	725000.0	80.47183098591549
NC_054685.1	735000.0	27.15819209039548
NC_054685.1	745000.0	72.19117647058823
NC_054685.1	755000.0	94.55862068965517
NC_054685.1	765000.0	74.58904109589041
NC_054685.1	775000.0	65.73103448275862
NC_054685.1	785000.0	65.52857142857142
NC_054685.1	795000.0	63.77391304347826
NC_054685.1	805000.0	36.95283018867924
NC_054685.1	815000.0	15.828125
NC_054685.1	825000.0	18.583333333333332
NC_054685.1	835000.0	0
NC_054686.1	5000.0	87.71875
NC_054686.1	15000.0	37.78082191780822
NC_054686.1	25000.0	14.304964539007091
NC_054686.1	35000.0	15.538461538461538
NC_054686.1	45000.0	12.544715447154472
NC_054686.1	55000.0	14.794392523364486
NC_054686.1	65000.0	7.289256198347108
NC_054686.1	75000.0	19.678571428571427
NC_054686.1	85000.0	15.484375
NC_054686.1	95000.0	6.4576271186440675
NC_054686.1	105000.0	6.5
NC_054686.1	115000.0	10.706422018348624
NC_054686.1	125000.0	3.8253968253968256
NC_054686.1	135000.0	1.21875
NC_054686.1	145000.0	1.6923076923076923
NC_054686.1	155000.0	4.236559139784946
NC_054686.1	165000.0	4.3130434782608695
NC_054686.1	175000.0	7.395348837209302
NC_054686.1	185000.0	23.115384615384617
NC_054686.1	195000.0	8.811764705882354
NC_054686.1	205000.0	5.878260869565217
NC_054686.1	215000.0	9.129411764705882
NC_054686.1	225000.0	2.75
NC_054686.1	235000.0	14.90625
NC_054686.1	245000.0	12.798245614035087
NC_054686.1	255000.0	9.907563025210084
NC_054686.1	265000.0	15.694444444444445
NC_054686.1	275000.0	10.176470588235293
NC_054686.1	285000.0	1.3846153846153846
NC_054686.1	295000.0	6.891666666666667
NC_054686.1	305000.0	5.228260869565218
NC_054686.1	315000.0	17.452830188679247
NC_054686.1	325000.0	7.063492063492063
NC_054686.1	335000.0	8.869565217391305
NC_054686.1	345000.0	20.298076923076923
NC_054686.1	355000.0	4.042016806722689
NC_054686.1	365000.0	35.28358208955224
NC_054686.1	375000.0	47.67910447761194
NC_054686.1	385000.0	23.96268656716418
NC_054686.1	395000.0	32.97902097902098
NC_054686.1	405000.0	41.36196319018405
NC_054686.1	415000.0	50.083333333333336
NC_054686.1	425000.0	30.124137931034483
NC_054686.1	435000.0	45.70700636942675
NC_054686.1	445000.0	28.96323529411765
NC_054686.1	455000.0	16.02112676056338
NC_054686.1	465000.0	31.217741935483872
NC_054686.1	475000.0	55.32824427480916
NC_054686.1	485000.0	64.13385826771653
NC_054686.1	495000.0	25.484375
NC_054686.1	505000.0	50.67142857142857
NC_054686.1	515000.0	18.92142857142857
NC_054686.1	525000.0	25.963503649635037
NC_054686.1	535000.0	46.425196850393704
NC_054686.1	545000.0	54.072463768115945
NC_054686.1	555000.0	28.914893617021278
NC_054686.1	565000.0	40.08148148148148
NC_054686.1	575000.0	59.07692307692308
NC_054686.1	585000.0	38.19847328244275
NC_054686.1	595000.0	10.683760683760683
NC_054686.1	605000.0	62.63157894736842
NC_054686.1	615000.0	30.693548387096776
NC_054686.1	625000.0	45.901785714285715
NC_054686.1	635000.0	55.56140350877193
NC_054686.1	645000.0	32.264462809917354
NC_054686.1	655000.0	33.86178861788618
NC_054686.1	665000.0	46.5968992248062
NC_054686.1	675000.0	25.8141592920354
NC_054686.1	685000.0	24.065040650406505
NC_054686.1	695000.0	59.592
NC_054686.1	705000.0	79.6046511627907
NC_054686.1	715000.0	88.22388059701493
NC_054686.1	725000.0	93.00757575757575
NC_054686.1	735000.0	92.02142857142857
NC_054686.1	745000.0	93.05555555555556
NC_054686.1	755000.0	116.04918032786885
NC_054686.1	765000.0	88.27692307692308
NC_054686.1	775000.0	71.89430894308943
NC_054686.1	785000.0	92.18589743589743
NC_054686.1	795000.0	51.47482014388489
NC_054686.1	805000.0	49.07142857142857
NC_054686.1	815000.0	65.544
NC_054686.1	825000.0	53.99180327868852
NC_054686.1	835000.0	41.43795620437956
NC_054686.1	845000.0	44.45185185185185
NC_054686.1	855000.0	50.4296875
NC_054686.1	865000.0	77.25373134328358
NC_054686.1	875000.0	44.65693430656934
NC_054686.1	885000.0	28.486725663716815
NC_054686.1	895000.0	18.359375
NC_054686.1	905000.0	52.72027972027972
NC_054686.1	915000.0	10.208791208791208
NC_054686.1	925000.0	27.92233009708738
NC_054686.1	935000.0	38.413223140495866
NC_054686.1	945000.0	56.3206106870229
NC_054686.1	955000.0	47.68032786885246
NC_054686.1	965000.0	54.2
NC_054686.1	975000.0	99.64285714285714
NC_054686.1	985000.0	119.89655172413794
NC_054686.1	995000.0	120.22900763358778
NC_054686.1	1005000.0	102.67175572519083
NC_054686.1	1015000.0	116.38848920863309
NC_054686.1	1025000.0	95.1159420289855
NC_054686.1	1035000.0	111.35074626865672
NC_054686.1	1045000.0	107.68595041322314
NC_054686.1	1055000.0	92.0234375
NC_054686.1	1065000.0	63.23287671232877
NC_054686.1	1075000.0	102.13291139240506
NC_054686.1	1085000.0	89.83916083916084
NC_054686.1	1095000.0	0
NC_054686.1	1105000.0	2.8444444444444446
NC_054686.1	1115000.0	46.86725663716814
NC_054686.1	1125000.0	58.88125
NC_054686.1	1135000.0	79.28368794326241
NC_054686.1	1145000.0	74.25547445255475
NC_054686.1	1155000.0	17.983606557377048
NC_054686.1	1165000.0	1.85
NC_054686.1	1175000.0	0
NC_054687.1	5000.0	1.0
NC_054687.1	15000.0	1.8679245283018868
NC_054687.1	25000.0	58.074766355140184
NC_054687.1	35000.0	55.16279069767442
NC_054687.1	45000.0	79.73109243697479
NC_054687.1	55000.0	80.63157894736842
NC_054687.1	65000.0	103.7557251908397
NC_054687.1	75000.0	79.78082191780823
NC_054687.1	85000.0	115.72289156626506
NC_054687.1	95000.0	90.26086956521739
NC_054687.1	105000.0	106.28289473684211
NC_054687.1	115000.0	96.61971830985915
NC_054687.1	125000.0	120.04054054054055
NC_054687.1	135000.0	113.47727272727273
NC_054687.1	145000.0	107.55882352941177
NC_054687.1	155000.0	99.02758620689656
NC_054687.1	165000.0	116.25
NC_054687.1	175000.0	129.19148936170214
NC_054687.1	185000.0	117.63157894736842
NC_054687.1	195000.0	78.42028985507247
NC_054687.1	205000.0	44.19078947368421
NC_054687.1	215000.0	54.317241379310346
NC_054687.1	225000.0	58.57746478873239
NC_054687.1	235000.0	49.080882352941174
NC_054687.1	245000.0	58.067796610169495
NC_054687.1	255000.0	53.07692307692308
NC_054687.1	265000.0	73.22058823529412
NC_054687.1	275000.0	66.25547445255475
NC_054687.1	285000.0	57.48148148148148
NC_054687.1	295000.0	54.917910447761194
NC_054687.1	305000.0	54.99159663865546
NC_054687.1	315000.0	27.887096774193548
NC_054687.1	325000.0	82.32167832167832
NC_054687.1	335000.0	56.80769230769231
NC_054687.1	345000.0	29.612068965517242
NC_054687.1	355000.0	37.509433962264154
NC_054687.1	365000.0	78.89256198347107
NC_054687.1	375000.0	95.09558823529412
NC_054687.1	385000.0	76.97014925373135
NC_054687.1	395000.0	61.23255813953488
NC_054687.1	405000.0	53.8
NC_054687.1	415000.0	52.445454545454545
NC_054687.1	425000.0	52.65060240963855
NC_054687.1	435000.0	75.35338345864662
NC_054687.1	445000.0	64.38297872340425
NC_054687.1	455000.0	88.96899224806202
NC_054687.1	465000.0	83.33974358974359
NC_054687.1	475000.0	89.77702702702703
NC_054687.1	485000.0	87.3169014084507
NC_054687.1	495000.0	87.21472392638037
NC_054687.1	505000.0	88.35849056603773
NC_054687.1	515000.0	100.8159509202454
NC_054687.1	525000.0	108.13836477987421
NC_054687.1	535000.0	81.9034090909091
NC_054687.1	545000.0	78.82894736842105
NC_054687.1	555000.0	77.8051948051948
NC_054687.1	565000.0	59.22818791946309
NC_054687.1	575000.0	55.91111111111111
NC_054687.1	585000.0	109.79166666666667
NC_054687.1	595000.0	124.78289473684211
NC_054687.1	605000.0	65.65068493150685
NC_054687.1	615000.0	67.71428571428571
NC_054687.1	625000.0	76.75539568345324
NC_054687.1	635000.0	77.58219178082192
NC_054687.1	645000.0	117.22388059701493
NC_054687.1	655000.0	89.99346405228758
NC_054687.1	665000.0	88.82608695652173
NC_054687.1	675000.0	58.10958904109589
NC_054687.1	685000.0	86.47142857142858
NC_054687.1	695000.0	73.20454545454545
NC_054687.1	705000.0	51.554545454545455
NC_054687.1	715000.0	46.5875
NC_054687.1	725000.0	44.34355828220859
NC_054687.1	735000.0	104.85810810810811
NC_054687.1	745000.0	77.84027777777777
NC_054687.1	755000.0	74.51181102362204
NC_054687.1	765000.0	54.25949367088607
NC_054687.1	775000.0	63.774647887323944
NC_054687.1	785000.0	50.907407407407405
NC_054687.1	795000.0	63.79333333333334
NC_054687.1	805000.0	73.5
NC_054687.1	815000.0	53.16470588235294
NC_054687.1	825000.0	29.03267973856209
NC_054687.1	835000.0	57.0
NC_054687.1	845000.0	44.394160583941606
NC_054687.1	855000.0	66.8951048951049
NC_054687.1	865000.0	70.41958041958041
NC_054687.1	875000.0	75.92957746478874
NC_054687.1	885000.0	4.2956521739130435
NC_054687.1	895000.0	70.06557377049181
NC_054687.1	905000.0	55.6875
NC_054687.1	915000.0	33.76377952755905
NC_054687.1	925000.0	67.976
NC_054687.1	935000.0	42.9375
NC_054687.1	945000.0	47.141843971631204
NC_054687.1	955000.0	23.4421768707483
NC_054687.1	965000.0	38.929577464788736
NC_054687.1	975000.0	33.65925925925926
NC_054687.1	985000.0	19.443548387096776
NC_054687.1	995000.0	92.46456692913385
NC_054687.1	1005000.0	38.56153846153846
NC_054687.1	1015000.0	29.411290322580644
NC_054687.1	1025000.0	48.03649635036496
NC_054687.1	1035000.0	35.20134228187919
NC_054687.1	1045000.0	47.31818181818182
NC_054687.1	1055000.0	39.67088607594937
NC_054687.1	1065000.0	33.697841726618705
NC_054687.1	1075000.0	23.893939393939394
NC_054687.1	1085000.0	72.23387096774194
NC_054687.1	1095000.0	48.094339622641506
NC_054687.1	1105000.0	26.41346153846154
NC_054687.1	1115000.0	27.189655172413794
NC_054687.1	1125000.0	40.33582089552239
NC_054687.1	1135000.0	48.0703125
NC_054687.1	1145000.0	66.48550724637681
NC_054687.1	1155000.0	64.80147058823529
NC_054687.1	1165000.0	51.36486486486486
NC_054687.1	1175000.0	61.921875
NC_054687.1	1185000.0	23.086614173228348
NC_054687.1	1195000.0	18.581967213114755
NC_054687.1	1205000.0	2.034782608695652
NC_054687.1	1215000.0	3.2427184466019416
NC_054687.1	1225000.0	12.304
NC_054687.1	1235000.0	20.074380165289256
NC_054687.1	1245000.0	13.298387096774194
NC_054687.1	1255000.0	8.726190476190476
NC_054687.1	1265000.0	10.144329896907216
NC_054687.1	1275000.0	3.2666666666666666
NC_054687.1	1285000.0	5.2926829268292686
NC_054687.1	1295000.0	10.89655172413793
NC_054687.1	1305000.0	1.0
NC_054687.1	1315000.0	5.5
NC_054687.1	1325000.0	6.445945945945946
NC_054687.1	1335000.0	5.584
NC_054687.1	1345000.0	14.640350877192983
NC_054687.1	1355000.0	2.3617021276595747
NC_054687.1	1365000.0	8.133333333333333
NC_054687.1	1375000.0	8.382978723404255
NC_054687.1	1385000.0	17.971698113207548
NC_054687.1	1395000.0	0
NC_054688.1	5000.0	13.18421052631579
NC_054688.1	15000.0	4.9787234042553195
NC_054688.1	25000.0	5.142857142857143
NC_054688.1	35000.0	26.043010752688172
NC_054688.1	45000.0	100.25490196078431
NC_054688.1	55000.0	53.93859649122807
NC_054688.1	65000.0	38.21666666666667
NC_054688.1	75000.0	32.02307692307692
NC_054688.1	85000.0	21.43846153846154
NC_054688.1	95000.0	91.203125
NC_054688.1	105000.0	54.18032786885246
NC_054688.1	115000.0	71.44525547445255
NC_054688.1	125000.0	68.51587301587301
NC_054688.1	135000.0	86.43511450381679
NC_054688.1	145000.0	82.09322033898304
NC_054688.1	155000.0	88.84166666666667
NC_054688.1	165000.0	91.648
NC_054688.1	175000.0	64.453125
NC_054688.1	185000.0	59.11764705882353
NC_054688.1	195000.0	84.52142857142857
NC_054688.1	205000.0	61.10769230769231
NC_054688.1	215000.0	76.41739130434783
NC_054688.1	225000.0	77.20472440944881
NC_054688.1	235000.0	62.33098591549296
NC_054688.1	245000.0	50.9453125
NC_054688.1	255000.0	34.65289256198347
NC_054688.1	265000.0	31.387596899224807
NC_054688.1	275000.0	65.57615894039735
NC_054688.1	285000.0	69.35761589403974
NC_054688.1	295000.0	44.5
NC_054688.1	305000.0	60.089171974522294
NC_054688.1	315000.0	82.14383561643835
NC_054688.1	325000.0	66.21621621621621
NC_054688.1	335000.0	62.04026845637584
NC_054688.1	345000.0	93.9922480620155
NC_054688.1	355000.0	26.785123966942148
NC_054688.1	365000.0	41.59230769230769
NC_054688.1	375000.0	73.98701298701299
NC_054688.1	385000.0	55.96341463414634
NC_054688.1	395000.0	34.130434782608695
NC_054688.1	405000.0	68.94890510948905
NC_054688.1	415000.0	55.91129032258065
NC_054688.1	425000.0	71.30496453900709
NC_054688.1	435000.0	76.00689655172414
NC_054688.1	445000.0	64.71612903225807
NC_054688.1	455000.0	79.3203125
NC_054688.1	465000.0	106.2248062015504
NC_054688.1	475000.0	81.09016393442623
NC_054688.1	485000.0	69.79338842975207
NC_054688.1	495000.0	29.965217391304346
NC_054688.1	505000.0	7.801587301587301
NC_054688.1	515000.0	6.988235294117647
NC_054688.1	525000.0	13.447368421052632
NC_054688.1	535000.0	0
NC_054688.1	545000.0	15.944444444444445
NC_054688.1	555000.0	11.35
NC_054688.1	565000.0	7.0625
NC_054688.1	575000.0	2.5681818181818183
NC_054688.1	585000.0	11.372727272727273
NC_054688.1	595000.0	9.992125984251969
NC_054688.1	605000.0	10.62406015037594
NC_054688.1	615000.0	17.14851485148515
NC_054688.1	625000.0	16.721311475409838
NC_054688.1	635000.0	5.492537313432836
NC_054688.1	645000.0	17.17948717948718
NC_054688.1	655000.0	18.07051282051282
NC_054688.1	665000.0	11.523489932885907
NC_054688.1	675000.0	37.5531914893617
NC_054688.1	685000.0	7.083333333333333
NC_054688.1	695000.0	6.737288135593221
NC_054688.1	705000.0	5.211864406779661
NC_054688.1	715000.0	29.9618320610687
NC_054688.1	725000.0	7.10077519379845
NC_054688.1	735000.0	4.046153846153846
NC_054688.1	745000.0	8.666666666666666
NC_054688.1	755000.0	6.804878048780488
NC_054688.1	765000.0	10.295454545454545
NC_054688.1	775000.0	10.517857142857142
NC_054688.1	785000.0	7.238938053097345
NC_054688.1	795000.0	9.139344262295081
NC_054688.1	805000.0	56.9485294117647
NC_054688.1	815000.0	46.41549295774648
NC_054688.1	825000.0	7.975409836065574
NC_054688.1	835000.0	8.989690721649485
NC_054688.1	845000.0	7.99009900990099
NC_054688.1	855000.0	16.434108527131784
NC_054688.1	865000.0	61.84722222222222
NC_054688.1	875000.0	54.91139240506329
NC_054688.1	885000.0	78.91082802547771
NC_054688.1	895000.0	57.372093023255815
NC_054688.1	905000.0	64.17142857142858
NC_054688.1	915000.0	71.85795454545455
NC_054688.1	925000.0	68.05479452054794
NC_054688.1	935000.0	58.170731707317074
NC_054688.1	945000.0	56.851351351351354
NC_054688.1	955000.0	108.20134228187919
NC_054688.1	965000.0	72.07643312101911
NC_054688.1	975000.0	71.4055944055944
NC_054688.1	985000.0	38.19178082191781
NC_054688.1	995000.0	65.56462585034014
NC_054688.1	1005000.0	85.96551724137932
NC_054688.1	1015000.0	57.177304964539005
NC_054688.1	1025000.0	96.77536231884058
NC_054688.1	1035000.0	101.64827586206897
NC_054688.1	1045000.0	115.59712230215827
NC_054688.1	1055000.0	98.59712230215827
NC_054688.1	1065000.0	80.6024844720497
NC_054688.1	1075000.0	106.05
NC_054688.1	1085000.0	96.92307692307692
NC_054688.1	1095000.0	93.52272727272727
NC_054688.1	1105000.0	122.232
NC_054688.1	1115000.0	171.38931297709922
NC_054688.1	1125000.0	135.1021897810219
NC_054688.1	1135000.0	104.71851851851852
NC_054688.1	1145000.0	52.024193548387096
NC_054688.1	1155000.0	109.69465648854961
NC_054688.1	1165000.0	109.01538461538462
NC_054688.1	1175000.0	114.609375
NC_054688.1	1185000.0	83.3006993006993
NC_054688.1	1195000.0	88.51748251748252
NC_054688.1	1205000.0	124.54482758620689
NC_054688.1	1215000.0	121.25352112676056
NC_054688.1	1225000.0	102.67241379310344
NC_054688.1	1235000.0	94.0625
NC_054688.1	1245000.0	104.14285714285714
NC_054688.1	1255000.0	123.16153846153846
NC_054688.1	1265000.0	122.608
NC_054688.1	1275000.0	114.23387096774194
NC_054688.1	1285000.0	120.67716535433071
NC_054688.1	1295000.0	75.2
NC_054688.1	1305000.0	106.63235294117646
NC_054688.1	1315000.0	105.01503759398496
NC_054688.1	1325000.0	129.7377049180328
NC_054688.1	1335000.0	86.99371069182389
NC_054688.1	1345000.0	107.44654088050315
NC_054688.1	1355000.0	97.89583333333333
NC_054688.1	1365000.0	75.94545454545455
NC_054688.1	1375000.0	69.02027027027027
NC_054688.1	1385000.0	90.16901408450704
NC_054688.1	1395000.0	139.62222222222223
NC_054688.1	1405000.0	89.71428571428571
NC_054688.1	1415000.0	121.1640625
NC_054688.1	1425000.0	111.5
NC_054688.1	1435000.0	121.5
NC_054688.1	1445000.0	117.33333333333333
NC_054688.1	1455000.0	98.42635658914729
NC_054688.1	1465000.0	70.08571428571429
NC_054688.1	1475000.0	122.77027027027027
NC_054688.1	1485000.0	110.39160839160839
NC_054688.1	1495000.0	131.1572327044025
NC_054688.1	1505000.0	100.61635220125787
NC_054688.1	1515000.0	143.31645569620252
NC_054688.1	1525000.0	143.156462585034
NC_054688.1	1535000.0	89.06293706293707
NC_054688.1	1545000.0	111.30405405405405
NC_054688.1	1555000.0	125.0
NC_054688.1	1565000.0	108.7987012987013
NC_054688.1	1575000.0	129.35915492957747
NC_054688.1	1585000.0	105.57246376811594
NC_054688.1	1595000.0	65.73026315789474
NC_054688.1	1605000.0	72.08148148148148
NC_054688.1	1615000.0	0
NC_054689.1	5000.0	27.89830508474576
NC_054689.1	15000.0	47.53225806451613
NC_054689.1	25000.0	37.11764705882353
NC_054689.1	35000.0	16.79020979020979
NC_054689.1	45000.0	33.05072463768116
NC_054689.1	55000.0	31.915384615384614
NC_054689.1	65000.0	21.33613445378151
NC_054689.1	75000.0	42.042735042735046
NC_054689.1	85000.0	36.49193548387097
NC_054689.1	95000.0	34.33108108108108
NC_054689.1	105000.0	41.25714285714286
NC_054689.1	115000.0	23.51
NC_054689.1	125000.0	2.8333333333333335
NC_054689.1	135000.0	1.0
NC_054689.1	145000.0	9.803149606299213
NC_054689.1	155000.0	10.824817518248175
NC_054689.1	165000.0	6.747474747474747
NC_054689.1	175000.0	5.778688524590164
NC_054689.1	185000.0	3.9411764705882355
NC_054689.1	195000.0	4.6880733944954125
NC_054689.1	205000.0	22.825
NC_054689.1	215000.0	20.767676767676768
NC_054689.1	225000.0	18.37704918032787
NC_054689.1	235000.0	4.434782608695652
NC_054689.1	245000.0	14.205128205128204
NC_054689.1	255000.0	1.6585365853658536
NC_054689.1	265000.0	7.125
NC_054689.1	275000.0	9.603053435114504
NC_054689.1	285000.0	9.557377049180328
NC_054689.1	295000.0	5.9010989010989015
NC_054689.1	305000.0	5.2075471698113205
NC_054689.1	315000.0	17.272727272727273
NC_054689.1	325000.0	10.555555555555555
NC_054689.1	335000.0	8.035714285714286
NC_054689.1	345000.0	10.161016949152541
NC_054689.1	355000.0	11.121212121212121
NC_054689.1	365000.0	17.31297709923664
NC_054689.1	375000.0	116.47368421052632
NC_054689.1	385000.0	107.19083969465649
NC_054689.1	395000.0	112.88721804511279
NC_054689.1	405000.0	122.24647887323944
NC_054689.1	415000.0	129.4391891891892
NC_054689.1	425000.0	124.95384615384616
NC_054689.1	435000.0	3.603448275862069
NC_054689.1	445000.0	2.9680851063829787
NC_054689.1	455000.0	6.661157024793388
NC_054689.1	465000.0	56.39047619047619
NC_054689.1	475000.0	109.68888888888888
NC_054689.1	485000.0	109.66153846153846
NC_054689.1	495000.0	99.45528455284553
NC_054689.1	505000.0	77.5875
NC_054689.1	515000.0	39.45217391304348
NC_054689.1	525000.0	66.29752066115702
NC_054689.1	535000.0	90.79
NC_054689.1	545000.0	71.4758064516129
NC_054689.1	555000.0	103.66153846153846
NC_054689.1	565000.0	99.14598540145985
NC_054689.1	575000.0	88.73333333333333
NC_054689.1	585000.0	88.26277372262774
NC_054689.1	595000.0	67.80882352941177
NC_054689.1	605000.0	42.36585365853659
NC_054689.1	615000.0	70.04424778761062
NC_054689.1	625000.0	72.08403361344538
NC_054689.1	635000.0	76.64661654135338
NC_054689.1	645000.0	126.57553956834532
NC_054689.1	655000.0	98.86290322580645
NC_054689.1	665000.0	33.68840579710145
NC_054689.1	675000.0	82.25170068027211
NC_054689.1	685000.0	73.85507246376811
NC_054689.1	695000.0	119.46153846153847
NC_054689.1	705000.0	82.72185430463576
NC_054689.1	715000.0	68.94326241134752
NC_054689.1	725000.0	124.09774436090225
NC_054689.1	735000.0	94.61764705882354
NC_054689.1	745000.0	110.05932203389831
NC_054689.1	755000.0	116.08333333333333
NC_054689.1	765000.0	122.97391304347826
NC_054689.1	775000.0	76.73170731707317
NC_054689.1	785000.0	109.36290322580645
NC_054689.1	795000.0	89.86466165413533
NC_054689.1	805000.0	123.91666666666667
NC_054689.1	815000.0	109.23880597014926
NC_054689.1	825000.0	104.64788732394366
NC_054689.1	835000.0	79.74342105263158
NC_054689.1	845000.0	92.72027972027972
NC_054689.1	855000.0	67.33783783783784
NC_054689.1	865000.0	106.12977099236642
NC_054689.1	875000.0	117.31967213114754
NC_054689.1	885000.0	94.75735294117646
NC_054689.1	895000.0	110.68181818181819
NC_054689.1	905000.0	77.12781954887218
NC_054689.1	915000.0	136.625
NC_054689.1	925000.0	152.12820512820514
NC_054689.1	935000.0	107.10569105691057
NC_054689.1	945000.0	77.42063492063492
NC_054689.1	955000.0	99.02586206896552
NC_054689.1	965000.0	68.05309734513274
NC_054689.1	975000.0	70.28
NC_054689.1	985000.0	92.28030303030303
NC_054689.1	995000.0	101.4959349593496
NC_054689.1	1005000.0	65.54615384615384
NC_054689.1	1015000.0	79.27941176470588
NC_054689.1	1025000.0	45.45859872611465
NC_054689.1	1035000.0	62.0406976744186
NC_054689.1	1045000.0	49.208333333333336
NC_054689.1	1055000.0	58.690140845070424
NC_054689.1	1065000.0	44.333333333333336
NC_054689.1	1075000.0	35.81118881118881
NC_054689.1	1085000.0	41.92903225806452
NC_054689.1	1095000.0	36.848
NC_054689.1	1105000.0	46.176923076923075
NC_054689.1	1115000.0	13.345588235294118
NC_054689.1	1125000.0	23.082278481012658
NC_054689.1	1135000.0	29.377622377622377
NC_054689.1	1145000.0	27.764705882352942
NC_054689.1	1155000.0	44.66197183098591
NC_054689.1	1165000.0	50.77852348993289
NC_054689.1	1175000.0	28.852941176470587
NC_054689.1	1185000.0	68.01869158878505
NC_054689.1	1195000.0	43.05673758865248
NC_054689.1	1205000.0	55.111111111111114
NC_054689.1	1215000.0	8.86923076923077
NC_054689.1	1225000.0	14.623931623931623
NC_054689.1	1235000.0	47.8936170212766
NC_054689.1	1245000.0	64.52413793103449
NC_054689.1	1255000.0	73.91129032258064
NC_054689.1	1265000.0	94.35338345864662
NC_054689.1	1275000.0	81.52317880794702
NC_054689.1	1285000.0	84.49612403100775
NC_054689.1	1295000.0	76.68461538461538
NC_054689.1	1305000.0	80.82575757575758
NC_054689.1	1315000.0	66.5251798561151
NC_054689.1	1325000.0	57.40151515151515
NC_054689.1	1335000.0	73.57627118644068
NC_054689.1	1345000.0	50.020270270270274
NC_054689.1	1355000.0	36.35114503816794
NC_054689.1	1365000.0	79.38805970149254
NC_054689.1	1375000.0	64.52941176470588
NC_054689.1	1385000.0	60.44117647058823
NC_054689.1	1395000.0	51.070422535211264
NC_054689.1	1405000.0	56.68421052631579
NC_054689.1	1415000.0	58.63157894736842
NC_054689.1	1425000.0	72.46308724832215
NC_054689.1	1435000.0	45.88194444444444
NC_054689.1	1445000.0	83.45925925925926
NC_054689.1	1455000.0	80.07586206896552
NC_054689.1	1465000.0	74.43103448275862
NC_054689.1	1475000.0	49.776785714285715
NC_054689.1	1485000.0	66.36363636363636
NC_054689.1	1495000.0	64.22307692307692
NC_054689.1	1505000.0	54.968503937007874
NC_054689.1	1515000.0	61.0
NC_054689.1	1525000.0	45.968503937007874
NC_054689.1	1535000.0	68.1639344262295
NC_054689.1	1545000.0	37.611111111111114
NC_054689.1	1555000.0	49.026666666666664
NC_054689.1	1565000.0	45.36875
NC_054689.1	1575000.0	54.88275862068966
NC_054689.1	1585000.0	61.60126582278481
NC_054689.1	1595000.0	46.01898734177215
NC_054689.1	1605000.0	60.704402515723274
NC_054689.1	1615000.0	50.26056338028169
NC_054689.1	1625000.0	67.04838709677419
NC_054689.1	1635000.0	38.43333333333333
NC_054689.1	1645000.0	53.90384615384615
NC_054689.1	1655000.0	55.67567567567568
NC_054689.1	1665000.0	47.69032258064516
NC_054689.1	1675000.0	104.79069767441861
NC_054689.1	1685000.0	57.905325443786985
NC_054689.1	1695000.0	52.43589743589744
NC_054689.1	1705000.0	49.63057324840764
NC_054689.1	1715000.0	75.2125
NC_054689.1	1725000.0	43.30769230769231
NC_054689.1	1735000.0	42.59119496855346
NC_054689.1	1745000.0	63.664556962025316
NC_054689.1	1755000.0	52.470588235294116
NC_054689.1	1765000.0	53.3974358974359
NC_054689.1	1775000.0	71.96428571428571
NC_054689.1	1785000.0	61.67272727272727
NC_054689.1	1795000.0	41.94230769230769
NC_054689.1	1805000.0	58.851851851851855
NC_054689.1	1815000.0	51.97241379310345
NC_054689.1	1825000.0	41.58783783783784
NC_054689.1	1835000.0	62.809859154929576
NC_054689.1	1845000.0	101.8529411764706
NC_054689.1	1855000.0	12.72027972027972
NC_054689.1	1865000.0	51.11678832116788
NC_054689.1	1875000.0	14.26923076923077
NC_054689.1	1885000.0	17.02970297029703
NC_054689.1	1895000.0	12.330434782608696
NC_054689.1	1905000.0	135.97931034482758
NC_054689.1	1915000.0	201.42142857142858
NC_054689.1	1925000.0	88.43283582089552
NC_054689.1	1935000.0	62.06617647058823
NC_054689.1	1945000.0	40.13103448275862
NC_054689.1	1955000.0	60.18248175182482
NC_054689.1	1965000.0	73.50322580645161
NC_054689.1	1975000.0	55.54054054054054
NC_054689.1	1985000.0	64.92142857142858
NC_054689.1	1995000.0	93.80128205128206
NC_054689.1	2005000.0	71.65517241379311
NC_054689.1	2015000.0	70.09917355371901
NC_054689.1	2025000.0	56.01360544217687
NC_054689.1	2035000.0	45.053333333333335
NC_054689.1	2045000.0	61.42857142857143
NC_054689.1	2055000.0	84.57664233576642
NC_054689.1	2065000.0	24.367346938775512
NC_054689.1	2075000.0	24.210526315789473
NC_054689.1	2085000.0	49.258620689655174
NC_054689.1	2095000.0	42.53731343283582
NC_054689.1	2105000.0	49.87323943661972
NC_054689.1	2115000.0	64.71710526315789
NC_054689.1	2125000.0	66.46496815286625
NC_054689.1	2135000.0	57.0
NC_054689.1	2145000.0	83.28169014084507
NC_054689.1	2155000.0	61.6625
NC_054689.1	2165000.0	66.04575163398692
NC_054689.1	2175000.0	76.63565891472868
NC_054689.1	2185000.0	50.95798319327731
NC_054689.1	2195000.0	60.027522935779814
NC_054689.1	2205000.0	36.731884057971016
NC_054689.1	2215000.0	50.07801418439716
NC_054689.1	2225000.0	69.05263157894737
NC_054689.1	2235000.0	75.3076923076923
NC_054689.1	2245000.0	69.34615384615384
NC_054689.1	2255000.0	38.99248120300752
NC_054689.1	2265000.0	59.292857142857144
NC_054689.1	2275000.0	85.57142857142857
NC_054689.1	2285000.0	89.15384615384616
NC_054689.1	2295000.0	83.68243243243244
NC_054689.1	2305000.0	80.53424657534246
NC_054689.1	2315000.0	83.24305555555556
NC_054689.1	2325000.0	61.56578947368421
NC_054689.1	2335000.0	107.6907894736842
NC_054689.1	2345000.0	96.52941176470588
NC_054689.1	2355000.0	65.6086956521739
NC_054689.1	2365000.0	57.87591240875913
NC_054689.1	2375000.0	71.88489208633094
NC_054689.1	2385000.0	78.16296296296296
NC_054689.1	2395000.0	53.961783439490446
NC_054689.1	2405000.0	90.96470588235294
NC_054689.1	2415000.0	85.56024096385542
NC_054689.1	2425000.0	78.86184210526316
NC_054689.1	2435000.0	33.190751445086704
NC_054689.1	2445000.0	84.18881118881119
NC_054689.1	2455000.0	89.91891891891892
NC_054689.1	2465000.0	99.77777777777777
NC_054689.1	2475000.0	85.59420289855072
NC_054689.1	2485000.0	87.9
NC_054689.1	2495000.0	106.98581560283688
NC_054689.1	2505000.0	101.48447204968944
NC_054689.1	2515000.0	115.76774193548387
NC_054689.1	2525000.0	96.6969696969697
NC_054689.1	2535000.0	125.94214876033058
NC_054689.1	2545000.0	120.73387096774194
NC_054689.1	2555000.0	121.85714285714286
NC_054689.1	2565000.0	105.82857142857142
NC_054689.1	2575000.0	112.93243243243244
NC_054689.1	2585000.0	103.83561643835617
NC_054689.1	2595000.0	131.76027397260273
NC_054689.1	2605000.0	120.91095890410959
NC_054689.1	2615000.0	88.38461538461539
NC_054689.1	2625000.0	100.09375
NC_054689.1	2635000.0	74.28467153284672
NC_054689.1	2645000.0	91.93181818181819
NC_054689.1	2655000.0	66.93835616438356
NC_054689.1	2665000.0	71.3609022556391
NC_054689.1	2675000.0	88.9261744966443
NC_054689.1	2685000.0	108.6158940397351
NC_054689.1	2695000.0	93.55223880597015
NC_054689.1	2705000.0	102.92481203007519
NC_054689.1	2715000.0	113.63571428571429
NC_054689.1	2725000.0	132.5886524822695
NC_054689.1	2735000.0	115.69736842105263
NC_054689.1	2745000.0	115.82014388489209
NC_054689.1	2755000.0	97.48872180451127
NC_054689.1	2765000.0	113.80740740740741
NC_054689.1	2775000.0	125.68333333333334
NC_054689.1	2785000.0	118.61267605633803
NC_054689.1	2795000.0	108.81538461538462
NC_054689.1	2805000.0	134.53333333333333
NC_054689.1	2815000.0	136.0300751879699
NC_054689.1	2825000.0	125.16666666666667
NC_054689.1	2835000.0	120.03521126760563
NC_054689.1	2845000.0	101.16666666666667
NC_054689.1	2855000.0	155.59235668789808
NC_054689.1	2865000.0	124.29012345679013
NC_054689.1	2875000.0	147.5068493150685
NC_054689.1	2885000.0	141.95138888888889
NC_054689.1	2895000.0	131.2551724137931
NC_054689.1	2905000.0	67.03125
NC_054689.1	2915000.0	16.294372294372295
NC_054689.1	2925000.0	12.716981132075471
NC_054689.1	2935000.0	4.0
NC_054689.1	2945000.0	0
NC_054690.1	5000.0	29.755102040816325
NC_054690.1	15000.0	23.027027027027028
NC_054690.1	25000.0	11.052631578947368
NC_054690.1	35000.0	12.083333333333334
NC_054690.1	45000.0	4.847619047619047
NC_054690.1	55000.0	22.548387096774192
NC_054690.1	65000.0	7.683168316831683
NC_054690.1	75000.0	17.396396396396398
NC_054690.1	85000.0	57.0
NC_054690.1	95000.0	53.36842105263158
NC_054690.1	105000.0	30.055944055944057
NC_054690.1	115000.0	22.868613138686133
NC_054690.1	125000.0	32.27272727272727
NC_054690.1	135000.0	68.6978417266187
NC_054690.1	145000.0	77.65217391304348
NC_054690.1	155000.0	74.01612903225806
NC_054690.1	165000.0	81.14728682170542
NC_054690.1	175000.0	75.64761904761905
NC_054690.1	185000.0	121.95867768595042
NC_054690.1	195000.0	99.62711864406779
NC_054690.1	205000.0	99.34677419354838
NC_054690.1	215000.0	109.90163934426229
NC_054690.1	225000.0	111.16923076923077
NC_054690.1	235000.0	57.66129032258065
NC_054690.1	245000.0	71.91228070175438
NC_054690.1	255000.0	46.53333333333333
NC_054690.1	265000.0	52.73015873015873
NC_054690.1	275000.0	47.63492063492063
NC_054690.1	285000.0	66.71653543307086
NC_054690.1	295000.0	45.993788819875775
NC_054690.1	305000.0	80.06666666666666
NC_054690.1	315000.0	54.857142857142854
NC_054690.1	325000.0	55.319148936170215
NC_054690.1	335000.0	43.51094890510949
NC_054690.1	345000.0	39.0375
NC_054690.1	355000.0	45.09375
NC_054690.1	365000.0	41.16417910447761
NC_054690.1	375000.0	49.94074074074074
NC_054690.1	385000.0	59.02189781021898
NC_054690.1	395000.0	28.992957746478872
NC_054690.1	405000.0	51.30967741935484
NC_054690.1	415000.0	57.89795918367347
NC_054690.1	425000.0	54.220588235294116
NC_054690.1	435000.0	23.6793893129771
NC_054690.1	445000.0	18.865384615384617
NC_054690.1	455000.0	11.583333333333334
NC_054690.1	465000.0	4.63768115942029
NC_054690.1	475000.0	38.25179856115108
NC_054690.1	485000.0	11.183006535947712
NC_054690.1	495000.0	25.174825174825173
NC_054690.1	505000.0	28.35114503816794
NC_054690.1	515000.0	16.851063829787233
NC_054690.1	525000.0	21.246666666666666
NC_054690.1	535000.0	22.553571428571427
NC_054690.1	545000.0	39.904458598726116
NC_054690.1	555000.0	29.789473684210527
NC_054690.1	565000.0	37.09243697478992
NC_054690.1	575000.0	27.720588235294116
NC_054690.1	585000.0	26.197183098591548
NC_054690.1	595000.0	20.94814814814815
NC_054690.1	605000.0	29.692857142857143
NC_054690.1	615000.0	46.905797101449274
NC_054690.1	625000.0	62.75182481751825
NC_054690.1	635000.0	45.1015625
NC_054690.1	645000.0	41.57575757575758
NC_054690.1	655000.0	25.472972972972972
NC_054690.1	665000.0	22.31972789115646
NC_054690.1	675000.0	17.448818897637796
NC_054690.1	685000.0	43.942622950819676
NC_054690.1	695000.0	51.04964539007092
NC_054690.1	705000.0	60.248366013071895
NC_054690.1	715000.0	39.45625
NC_054690.1	725000.0	30.083916083916083
NC_054690.1	735000.0	33.42446043165467
NC_054690.1	745000.0	24.45945945945946
NC_054690.1	755000.0	37.74829931972789
NC_054690.1	765000.0	35.2962962962963
NC_054690.1	775000.0	35.378571428571426
NC_054690.1	785000.0	27.529850746268657
NC_054690.1	795000.0	40.25714285714286
NC_054690.1	805000.0	26.253846153846155
NC_054690.1	815000.0	46.785714285714285
NC_054690.1	825000.0	27.657894736842106
NC_054690.1	835000.0	52.037974683544306
NC_054690.1	845000.0	53.90277777777778
NC_054690.1	855000.0	35.35606060606061
NC_054690.1	865000.0	54.310810810810814
NC_054690.1	875000.0	46.06896551724138
NC_054690.1	885000.0	43.363013698630134
NC_054690.1	895000.0	57.95798319327731
NC_054690.1	905000.0	60.385185185185186
NC_054690.1	915000.0	45.73809523809524
NC_054690.1	925000.0	34.42384105960265
NC_054690.1	935000.0	33.175182481751825
NC_054690.1	945000.0	44.696774193548386
NC_054690.1	955000.0	27.033557046979865
NC_054690.1	965000.0	38.35849056603774
NC_054690.1	975000.0	45.684615384615384
NC_054690.1	985000.0	16.46153846153846
NC_054690.1	995000.0	5.640625
NC_054690.1	1005000.0	57.28378378378378
NC_054690.1	1015000.0	61.854838709677416
NC_054690.1	1025000.0	59.29251700680272
NC_054690.1	1035000.0	62.174193548387095
NC_054690.1	1045000.0	78.17948717948718
NC_054690.1	1055000.0	113.36428571428571
NC_054690.1	1065000.0	61.79527559055118
NC_054690.1	1075000.0	93.81290322580645
NC_054690.1	1085000.0	99.82941176470588
NC_054690.1	1095000.0	83.71523178807946
NC_054690.1	1105000.0	106.35074626865672
NC_054690.1	1115000.0	119.86153846153846
NC_054690.1	1125000.0	105.33333333333333
NC_054690.1	1135000.0	41.473684210526315
NC_054690.1	1145000.0	131.56291390728478
NC_054690.1	1155000.0	98.24691358024691
NC_054690.1	1165000.0	140.94366197183098
NC_054690.1	1175000.0	85.22388059701493
NC_054690.1	1185000.0	101.69798657718121
NC_054690.1	1195000.0	125.95364238410596
NC_054690.1	1205000.0	95.35483870967742
NC_054690.1	1215000.0	87.16783216783217
NC_054690.1	1225000.0	110.38518518518518
NC_054690.1	1235000.0	142.73611111111111
NC_054690.1	1245000.0	102.06201550387597
NC_054690.1	1255000.0	99.32666666666667
NC_054690.1	1265000.0	90.7279411764706
NC_054690.1	1275000.0	57.7007874015748
NC_054690.1	1285000.0	121.52727272727273
NC_054690.1	1295000.0	31.682539682539684
NC_054690.1	1305000.0	116.29230769230769
NC_054690.1	1315000.0	111.74814814814815
NC_054690.1	1325000.0	88.25735294117646
NC_054690.1	1335000.0	88.937106918239
NC_054690.1	1345000.0	99.37423312883436
NC_054690.1	1355000.0	104.36601307189542
NC_054690.1	1365000.0	162.05442176870747
NC_054690.1	1375000.0	112.93798449612403
NC_054690.1	1385000.0	89.20472440944881
NC_054690.1	1395000.0	129.5734265734266
NC_054690.1	1405000.0	127.7605633802817
NC_054690.1	1415000.0	71.93877551020408
NC_054690.1	1425000.0	104.4820143884892
NC_054690.1	1435000.0	121.33566433566433
NC_054690.1	1445000.0	79.17857142857143
NC_054690.1	1455000.0	44.10588235294118
NC_054690.1	1465000.0	57.618556701030926
NC_054690.1	1475000.0	67.26797385620915
NC_054690.1	1485000.0	103.56603773584905
NC_054690.1	1495000.0	81.98757763975155
NC_054690.1	1505000.0	98.28484848484848
NC_054690.1	1515000.0	75.73484848484848
NC_054690.1	1525000.0	59.2734375
NC_054690.1	1535000.0	43.775193798449614
NC_054690.1	1545000.0	103.15044247787611
NC_054690.1	1555000.0	101.92307692307692
NC_054690.1	1565000.0	81.35251798561151
NC_054690.1	1575000.0	65.66433566433567
NC_054690.1	1585000.0	83.91791044776119
NC_054690.1	1595000.0	96.9103448275862
NC_054690.1	1605000.0	113.12096774193549
NC_054690.1	1615000.0	122.01818181818182
NC_054690.1	1625000.0	119.23076923076923
NC_054690.1	1635000.0	100.98529411764706
NC_054690.1	1645000.0	145.60902255639098
NC_054690.1	1655000.0	122.34328358208955
NC_054690.1	1665000.0	80.03846153846153
NC_054690.1	1675000.0	61.394366197183096
NC_054690.1	1685000.0	79.03960396039604
NC_054690.1	1695000.0	118.57
NC_054690.1	1705000.0	85.67307692307692
NC_054690.1	1715000.0	136.33064516129033
NC_054690.1	1725000.0	102.67924528301887
NC_054690.1	1735000.0	99.55102040816327
NC_054690.1	1745000.0	126.15483870967742
NC_054690.1	1755000.0	100.80128205128206
NC_054690.1	1765000.0	117.18571428571428
NC_054690.1	1775000.0	113.82089552238806
NC_054690.1	1785000.0	101.21854304635761
NC_054690.1	1795000.0	101.94039735099338
NC_054690.1	1805000.0	103.9290780141844
NC_054690.1	1815000.0	104.33576642335767
NC_054690.1	1825000.0	86.56617647058823
NC_054690.1	1835000.0	99.47101449275362
NC_054690.1	1845000.0	97.5912408759124
NC_054690.1	1855000.0	57.25925925925926
NC_054690.1	1865000.0	25.696428571428573
NC_054690.1	1875000.0	55.27272727272727
NC_054690.1	1885000.0	29.248322147651006
NC_054690.1	1895000.0	43.36257309941521
NC_054690.1	1905000.0	55.0440251572327
NC_054690.1	1915000.0	66.66666666666667
NC_054690.1	1925000.0	57.04545454545455
NC_054690.1	1935000.0	26.105263157894736
NC_054690.1	1945000.0	81.14728682170542
NC_054690.1	1955000.0	100.9618320610687
NC_054690.1	1965000.0	79.832
NC_054690.1	1975000.0	91.81481481481481
NC_054690.1	1985000.0	113.41935483870968
NC_054690.1	1995000.0	78.93661971830986
NC_054690.1	2005000.0	78.44680851063829
NC_054690.1	2015000.0	103.8955223880597
NC_054690.1	2025000.0	94.90666666666667
NC_054690.1	2035000.0	87.4074074074074
NC_054690.1	2045000.0	100.3265306122449
NC_054690.1	2055000.0	74.66428571428571
NC_054690.1	2065000.0	118.62142857142857
NC_054690.1	2075000.0	90.4493670886076
NC_054690.1	2085000.0	119.36111111111111
NC_054690.1	2095000.0	123.3051948051948
NC_054690.1	2105000.0	89.87692307692308
NC_054690.1	2115000.0	6.673267326732673
NC_054690.1	2125000.0	3.16
NC_054690.1	2135000.0	2.8518518518518516
NC_054690.1	2145000.0	7.898989898989899
NC_054690.1	2155000.0	8.086206896551724
NC_054690.1	2165000.0	56.54032258064516
NC_054690.1	2175000.0	97.0909090909091
NC_054690.1	2185000.0	90.35064935064935
NC_054690.1	2195000.0	97.15277777777777
NC_054690.1	2205000.0	136.7324840764331
NC_054690.1	2215000.0	132.34782608695653
NC_054690.1	2225000.0	110.6086956521739
NC_054690.1	2235000.0	111.75735294117646
NC_054690.1	2245000.0	89.21538461538462
NC_054690.1	2255000.0	133.2463768115942
NC_054690.1	2265000.0	128.47154471544715
NC_054690.1	2275000.0	84.54032258064517
NC_054690.1	2285000.0	78.8655462184874
NC_054690.1	2295000.0	101.55714285714286
NC_054690.1	2305000.0	83.2158273381295
NC_054690.1	2315000.0	80.34693877551021
NC_054690.1	2325000.0	103.39473684210526
NC_054690.1	2335000.0	59.651315789473685
NC_054690.1	2345000.0	89.37837837837837
NC_054690.1	2355000.0	76.97887323943662
NC_054690.1	2365000.0	68.20149253731343
NC_054690.1	2375000.0	65.69924812030075
NC_054690.1	2385000.0	61.63768115942029
NC_054690.1	2395000.0	54.958333333333336
NC_054690.1	2405000.0	19.481012658227847
NC_054690.1	2415000.0	42.92248062015504
NC_054690.1	2425000.0	54.02777777777778
NC_054690.1	2435000.0	40.13907284768212
NC_054690.1	2445000.0	48.12328767123287
NC_054690.1	2455000.0	41.475
NC_054690.1	2465000.0	21.32716049382716
NC_054690.1	2475000.0	35.732824427480914
NC_054690.1	2485000.0	47.99038461538461
NC_054690.1	2495000.0	71.9504132231405
NC_054690.1	2505000.0	71.79865771812081
NC_054690.1	2515000.0	58.58169934640523
NC_054690.1	2525000.0	70.93288590604027
NC_054690.1	2535000.0	57.57419354838709
NC_054690.1	2545000.0	58.21383647798742
NC_054690.1	2555000.0	84.23776223776224
NC_054690.1	2565000.0	24.475524475524477
NC_054690.1	2575000.0	20.018633540372672
NC_054690.1	2585000.0	31.294520547945204
NC_054690.1	2595000.0	22.375886524822697
NC_054690.1	2605000.0	47.68382352941177
NC_054690.1	2615000.0	36.556291390728475
NC_054690.1	2625000.0	18.4635761589404
NC_054690.1	2635000.0	52.47794117647059
NC_054690.1	2645000.0	42.89763779527559
NC_054690.1	2655000.0	34.15652173913043
NC_054690.1	2665000.0	18.88421052631579
NC_054690.1	2675000.0	51.84
NC_054690.1	2685000.0	37.82608695652174
NC_054690.1	2695000.0	39.11965811965812
NC_054690.1	2705000.0	0
NC_054690.1	2715000.0	21.233333333333334
NC_054690.1	2725000.0	28.074626865671643
NC_054690.1	2735000.0	28.486301369863014
NC_054690.1	2745000.0	45.48051948051948
NC_054690.1	2755000.0	56.4078947368421
NC_054690.1	2765000.0	51.208955223880594
NC_054690.1	2775000.0	56.446280991735534
NC_054690.1	2785000.0	67.61157024793388
NC_054690.1	2795000.0	73.96129032258065
NC_054690.1	2805000.0	24.36
NC_054690.1	2815000.0	40.0514705882353
NC_054690.1	2825000.0	37.93023255813954
NC_054690.1	2835000.0	44.64545454545455
NC_054690.1	2845000.0	31.598425196850393
NC_054690.1	2855000.0	33.829268292682926
NC_054690.1	2865000.0	61.851351351351354
NC_054690.1	2875000.0	76.96815286624204
NC_054690.1	2885000.0	67.8993710691824
NC_054690.1	2895000.0	30.875816993464053
NC_054690.1	2905000.0	39.43975903614458
NC_054690.1	2915000.0	66.61832061068702
NC_054690.1	2925000.0	17.556451612903224
NC_054690.1	2935000.0	41.917808219178085
NC_054690.1	2945000.0	40.9271523178808
NC_054690.1	2955000.0	64.7410071942446
NC_054690.1	2965000.0	67.36305732484077
NC_054690.1	2975000.0	68.55029585798816
NC_054690.1	2985000.0	73.01273885350318
NC_054690.1	2995000.0	25.295454545454547
NC_054690.1	3005000.0	38.31645569620253
NC_054690.1	3015000.0	33.85
NC_054690.1	3025000.0	67.75
NC_054690.1	3035000.0	30.62962962962963
NC_054690.1	3045000.0	34.66433566433567
NC_054690.1	3055000.0	23.28368794326241
NC_054690.1	3065000.0	20.68421052631579
NC_054690.1	3075000.0	20.385245901639344
NC_054690.1	3085000.0	15.609929078014185
NC_054690.1	3095000.0	25.31159420289855
NC_054690.1	3105000.0	55.03846153846154
NC_054690.1	3115000.0	62.19565217391305
NC_054690.1	3125000.0	38.32394366197183
NC_054690.1	3135000.0	61.12396694214876
NC_054690.1	3145000.0	102.125
NC_054690.1	3155000.0	104.46511627906976
NC_054690.1	3165000.0	83.0794701986755
NC_054690.1	3175000.0	28.237704918032787
NC_054690.1	3185000.0	63.758865248226954
NC_054690.1	3195000.0	104.39455782312925
NC_054690.1	3205000.0	71.45911949685535
NC_054690.1	3215000.0	43.59235668789809
NC_054690.1	3225000.0	34.69387755102041
NC_054690.1	3235000.0	60.97202797202797
NC_054690.1	3245000.0	69.68666666666667
NC_054690.1	3255000.0	107.05555555555556
NC_054690.1	3265000.0	74.77777777777777
NC_054690.1	3275000.0	116.66386554621849
NC_054690.1	3285000.0	66.05369127516778
NC_054690.1	3295000.0	55.00714285714286
NC_054690.1	3305000.0	57.06666666666667
NC_054690.1	3315000.0	53.29323308270677
NC_054690.1	3325000.0	113.9
NC_054690.1	3335000.0	62.56375838926174
NC_054690.1	3345000.0	49.51973684210526
NC_054690.1	3355000.0	71.36075949367088
NC_054690.1	3365000.0	73.69811320754717
NC_054690.1	3375000.0	136.96732026143792
NC_054690.1	3385000.0	86.28378378378379
NC_054690.1	3395000.0	81.13571428571429
NC_054690.1	3405000.0	49.72727272727273
NC_054690.1	3415000.0	42.33846153846154
NC_054690.1	3425000.0	49.85314685314685
NC_054690.1	3435000.0	81.66455696202532
NC_054690.1	3445000.0	62.722972972972975
NC_054690.1	3455000.0	53.08510638297872
NC_054690.1	3465000.0	74.45522388059702
NC_054690.1	3475000.0	70.09009009009009
NC_054690.1	3485000.0	61.9051724137931
NC_054690.1	3495000.0	98.33576642335767
NC_054690.1	3505000.0	65.08176100628931
NC_054690.1	3515000.0	76.4390243902439
NC_054690.1	3525000.0	64.74342105263158
NC_054690.1	3535000.0	76.31612903225806
NC_054690.1	3545000.0	71.66
NC_054690.1	3555000.0	66.5
NC_054690.1	3565000.0	51.06172839506173
NC_054690.1	3575000.0	53.94736842105263
NC_054690.1	3585000.0	53.12582781456954
NC_054690.1	3595000.0	58.590643274853804
NC_054690.1	3605000.0	67.29813664596273
NC_054690.1	3615000.0	71.37349397590361
NC_054690.1	3625000.0	30.98125
NC_054690.1	3635000.0	55.47222222222222
NC_054690.1	3645000.0	31.395973154362416
NC_054690.1	3655000.0	44.66233766233766
NC_054690.1	3665000.0	83.80281690140845
NC_054690.1	3675000.0	79.38129496402878
NC_054690.1	3685000.0	85.27857142857142
NC_054690.1	3695000.0	105.93478260869566
NC_054690.1	3705000.0	60.656565656565654
NC_054690.1	3715000.0	126.75182481751825
NC_054690.1	3725000.0	107.54109589041096
NC_054690.1	3735000.0	141.72611464968153
NC_054690.1	3745000.0	105.29655172413793
NC_054690.1	3755000.0	88.0
NC_054690.1	3765000.0	72.77397260273973
NC_054690.1	3775000.0	56.095588235294116
NC_054690.1	3785000.0	23.449612403100776
NC_054690.1	3795000.0	29.97979797979798
NC_054690.1	3805000.0	11.99090909090909
NC_054690.1	3815000.0	8.986301369863014
NC_054690.1	3825000.0	23.928571428571427
NC_054690.1	3835000.0	7.349753694581281
NC_054690.1	3845000.0	37.30769230769231
NC_054690.1	3855000.0	0
